index	word
0	露天
1	新款
2	運動
3	中國
4	nike
5	韓版
6	休閒
7	男女
8	時尚
9	adidas
10	情侶
11	跑鞋
12	慢跑
13	男士
14	大學
15	外套
16	現貨
17	正品
18	女鞋
19	兒童
20	手錶
21	慢跑鞋
22	運動鞋
23	短袖
24	系列
25	經典
26	全新
27	長袖
28	秋冬
29	男鞋
30	air
31	復古
32	夏季
33	背包
34	潮流
35	套裝
36	純棉
37	透氣
38	用品
39	簡約
40	加厚
41	創意
42	代購
43	女款
44	防水
45	修身
46	球鞋
47	籃球
48	日本
49	跑步
50	愛迪達
51	黑色
52	上衣
53	美國
54	手提
55	女士
56	設計
57	特價
58	情趣
59	衛衣
60	休閒鞋
61	免運
62	連帽
63	黑白
64	公司
65	保暖
66	大碼
67	籃球鞋
68	圓領
69	冬季
70	真皮
71	韓國
72	世界
73	男款
74	步鞋
75	可愛
76	帆布
77	情趣用品
78	飾品
79	手機
80	跑步鞋
81	寬鬆
82	板鞋
83	裝飾
84	顯瘦
85	三葉
86	三葉草
87	現代
88	教材
89	包包
90	家用
91	功能
92	新品
93	編織
94	管理
95	錢包
96	汽車
97	歐美
98	戶外
99	寶寶
100	針織
101	耐吉
102	logo
103	女裝
104	印花
105	coach
106	n2a
107	學院
108	多功能
109	電子
110	玩具
111	件套
112	購物
113	手提包
114	旅行
115	氣墊
116	迷你
117	收納
118	卡通
119	情侶鞋
120	書包
121	長褲
122	jordan
123	精品
124	白色
125	電腦
126	專業
127	涼鞋
128	max
129	潮牌
130	gucci
131	輕量
132	保護
133	男裝
134	雙肩包
135	文藝
136	潤滑
137	牛仔
138	金屬
139	皮夾
140	潤滑液
141	原廠
142	少年
143	衣服
144	單鞋
145	拖鞋
146	社會
147	中長款
148	健身
149	polo
150	new
151	originals
152	陶瓷
153	shop
154	睡衣
155	牛皮
156	薄款
157	文學
158	女錶
159	刺繡
160	皮帶
161	條紋
162	tee
163	男錶
164	同款
165	二手
166	男生
167	女童
168	腕錶
169	訓練
170	後背
171	生日
172	短褲
173	耐克
174	成人
175	balance
176	娃娃
177	折疊
178	春夏
179	兩件
180	24h
181	襯衫
182	pchome
183	玫瑰
184	lauren
185	鞋子
186	ralph
187	充電
188	水晶
189	大號
190	後背包
191	手工
192	太陽
193	進口
194	lv
195	國家
196	正版
197	armani
198	蘋果
199	辦公
200	勞力士
201	皮革
202	ck
203	便攜
204	大馬
205	肩背
206	中華
207	蕾絲
208	秋冬新款
209	棒球
210	tw
211	容量
212	工作
213	通用
214	手冊
215	側背包
216	iwc
217	日系
218	世紀
219	公司貨
220	防曬
221	大容量
222	風衣
223	夾克
224	紅色
225	電動
226	長夾
227	casio
228	國際
229	flyknit
230	拉鏈
231	自動
232	puma
233	字母
234	石英
235	手拿包
236	天然
237	歐米茄
238	背心
239	喬丹
240	眼鏡
241	nmd
242	最新
243	帆布鞋
244	香水
245	玻璃
246	boost
247	肩背包
248	迷彩
249	按摩棒
250	專用
251	公主
252	限量
253	領短
254	音樂
255	安全
256	藍色
257	聖誕
258	機殼
259	護套
260	ap
261	沛納海
262	保固
263	透明
264	手機殼
265	故事
266	michael
267	保護套
268	連帽外套
269	run
270	蝴蝶
271	系統
272	登山
273	年一
274	分褲
275	居家
276	阿迪達斯
277	kors
278	ultra
279	熱賣
280	必備
281	af
282	預購
283	高筒
284	廚房
285	全新正品
286	第一
287	小包
288	動漫
289	高檔
290	無線
291	chanel
292	英語
293	純銀
294	不銹鋼
295	攝影
296	小馬
297	秋季新款
298	科技
299	遊戲
300	roshe
301	尖頭
302	海外
303	zoom
304	玫瑰金
305	小說
306	帽子
307	香奈兒
308	滑板
309	自慰器
310	拼接
311	咖啡
312	wmns
313	懶人鞋
314	爆款
315	立體
316	台灣
317	超薄
318	武士
319	超輕
320	the
321	褲子
322	深藍
323	reebok
324	國文
325	置物
326	飛線
327	潮鞋
328	限定
329	簽名
330	淡香水
331	第三
332	加大
333	運動休閒
334	calvin
335	女孩
336	supreme
337	rolex
338	聯名
339	明星
340	零錢包
341	學習
342	實踐
343	球衣
344	klein
345	牛仔褲
346	彩色
347	小白
348	耐磨
349	英文
350	經典款
351	圓領短
352	金色
353	防摔
354	素面
355	車載
356	free
357	耳機
358	室內
359	兩用
360	棉質
361	羅馬
362	戒指
363	開發
364	模型
365	招財
366	粉紅
367	粉色
368	彩虹
369	原創
370	版公
371	低筒
372	旅行包
373	飛機
374	服裝
375	錶帶
376	計算機
377	圖案
378	寵物
379	羽絨
380	灰色
381	圓頭
382	短夾
383	大尺碼
384	low
385	教學
386	韓版修身
387	街頭
388	女長
389	項鍊
390	休閒褲
391	城市
392	運動褲
393	仿真
394	反光
395	童鞋
396	古奇
397	拉鍊
398	全集
399	電影
400	斜背
401	動物
402	免運費
403	男子
404	gshock
405	夏新
406	紀念
407	雜誌
408	造型
409	批發
410	智慧
411	型號
412	交換禮物
413	usb
414	手環
415	磨砂
416	ua
417	工具
418	鏈條
419	基本款
420	掛畫
421	入門
422	burberry
423	女短
424	品牌
425	100ml
426	電視
427	數學
428	格子
429	領短袖
430	格紋
431	靜音
432	isbn978
433	全白
434	配件
435	名器
436	少女
437	行車
438	led
439	中古
440	真品
441	superstar
442	情人節
443	合金
444	材質
445	大童
446	撞色
447	內衣
448	年版
449	armour
450	智能
451	雙人
452	under
453	專櫃
454	精選
455	電腦包
456	麋鹿
457	棒球服
458	不鏽鋼
459	中文
460	鑰匙
461	皮套
462	機械錶
463	口袋
464	支架
465	德國
466	素色
467	藍牙
468	童裝
469	卡西歐
470	尺寸
471	雙層
472	腰帶
473	萬國
474	雙面
475	安德瑪
476	手套
477	huarache
478	smith
479	男孩
480	運動外套
481	課程
482	高清
483	水鑽
484	足球
485	筆記本
486	衫女
487	中央
488	矽膠
489	風格
490	黑紅
491	實木
492	3d
493	耳環
494	經濟學
495	太陽眼鏡
496	收納盒
497	小號
498	高品質
499	沙發
500	水杯
501	mk
502	禮服
503	小型
504	三星
505	champion
506	機車
507	流行
508	魔鬼
509	拼色
510	日式
511	變頻
512	hco
513	斜背包
514	數字
515	公仔
516	綠色
517	資料
518	香港
519	三角
520	豆豆鞋
521	retro
522	歐洲
523	vans
524	專賣
525	閱讀
526	diy
527	單人
528	中心
529	文庫
530	plus
531	男性
532	馬甲
533	全新原廠
534	健康
535	one
536	環境
537	枕頭
538	漫畫
539	kobe
540	珍珠
541	超大
542	坡跟
543	抱枕
544	墨鏡
545	stan
546	馬克
547	控制
548	寶石
549	3m
550	椰子
551	內褲
552	道具
553	項鏈
554	史密斯
555	k8
556	n1
557	杯子
558	語言
559	半身
560	拍賣
561	cosplay
562	車用
563	材料
564	保溫
565	氣墊鞋
566	魔術
567	自行車
568	nb
569	尼龍
570	綁帶
571	全包
572	網絡
573	浴室
574	runner
575	我的
576	一體
577	男短
578	冠軍
579	硬皮鯊
580	恤女
581	實戰
582	魔鬼氈
583	記憶
584	喇叭
585	bf
586	原裝
587	桌面
588	classic
589	stussy
590	滑板鞋
591	運動長褲
592	騎士
593	美式
594	一個
595	y3
596	十字
597	瑪莎拉蒂
598	媽媽
599	衫男
600	pu
601	古典
602	tubular
603	二代
604	色可選
605	段變頻
606	衣套
607	tshirt
608	男褲
609	全棉
610	另有
611	開精裝
612	force
613	腰包
614	簡易
615	converse
616	毛線
617	銀色
618	貼紙
619	運動短
620	翻蓋
621	組合
622	手鍊
623	seiko
624	貝殼頭
625	海鷗
626	純銅
627	熱銷
628	omega
629	ep
630	洋裝
631	植物
632	法國
633	綜合
634	of
635	纖維
636	畫集
637	新款潮
638	大全
639	刷毛
640	東方
641	幸福
642	igo
643	年第
644	zx
645	gs
646	專賣店
647	共和國
648	金標
649	黑武士
650	遙控
651	藍白
652	襪子
653	維修
654	英國
655	電器
656	旗艦
657	周邊
658	方形
659	夏日
660	第四
661	行李
662	標準
663	日記
664	圓形
665	床頭
666	科比
667	nba
668	餐廳
669	年級
670	圍巾
671	黃金
672	中文版
673	木質
674	og
675	cos
676	領長
677	佛珠
678	防塵
679	louis
680	活動
681	款加
682	女王
683	pvc
684	皇冠
685	袖套
686	vuitton
687	偏光
688	可調
689	一對
690	6s
691	女子
692	韓版女
693	釐米
694	商品
695	ulzzang
696	精工
697	全球
698	週年
699	star
700	寶藍
701	遮光
702	旋轉
703	包臀
704	適用
705	多層
706	台灣製
707	背帶
708	寶貝
709	襪套
710	cortez
711	藍寶
712	全套
713	kenzo
714	國民
715	典藏
716	高級
717	貓咪
718	地圖
719	50ml
720	網球
721	赤足
722	潛水
723	yeezy
724	日文
725	擺設
726	車內
727	頭戴
728	棉褲
729	阿甘鞋
730	領長袖
731	超級
732	刀劍
733	香精
734	ps
735	伸縮
736	雙肩背包
737	大型
738	餐具
739	iphone
740	積木
741	ii
742	black
743	泳衣
744	圓領短袖
745	涼拖鞋
746	恤男
747	mdns
748	秋裝新款
749	款短
750	外線
751	愛心
752	賽車
753	開發票
754	防護
755	white
756	男用
757	盒裝
758	雙色
759	空氣
760	民國
761	隱形
762	傳統
763	ysl
764	原宿風
765	頂級
766	新版
767	最新款
768	手錶男
769	babyg
770	法學
771	百科
772	日版
773	假髮
774	pp
775	茶壺
776	護殼
777	lebron
778	爆米花
779	低音
780	電池
781	耳麥
782	假發
783	避震
784	sb
785	優惠
786	保護殼
787	dw
788	分袖
789	黑藍
790	love
791	all
792	中式
793	快速
794	平板
795	手表
796	pro
797	防風外套
798	美日
799	設備
800	橡膠
801	madness
802	山水
803	鴨舌
804	荔枝
805	原廠正品
806	金剛
807	新生
808	魔法
809	elite
810	生肖
811	充電器
812	件套裝
813	地理
814	chic
815	頭戴式
816	羽毛
817	pk
818	秋冬裝
819	my
820	citizen
821	小米
822	壁掛
823	環保
824	加長
825	筆電
826	空間
827	春秋季
828	dvd
829	使用
830	qs
831	雨鞋
832	鋼琴
833	婚紗
834	galaxy
835	特包
836	跳蛋
837	彩繪
838	下的
839	網眼
840	ipad
841	42mm
842	small
843	錶盤
844	隨身
845	翡翠
846	櫻花
847	刺激
848	影響
849	meililian
850	詹姆斯
851	軟殼
852	米蘭
853	糖果
854	聯合
855	超值
856	精華
857	托特包
858	編號
859	prada
860	panerai
861	本書
862	戰鬥
863	sock
864	gd
865	pump
866	路易威登
867	老虎
868	英文版
869	產品
870	發光
871	鱷魚
872	評價
873	數碼
874	花卉
875	aj
876	無痕
877	男長
878	玩家
879	大包
880	便攜式
881	美津濃
882	黑金
883	設計與
884	選擇
885	dickies
886	海軍
887	high
888	權志龍
889	水果
890	光動能
891	食品
892	紫外
893	親子
894	復刻
895	銀飾
896	字褲
897	高爾夫
898	登山包
899	紫外線
900	出清
901	npg
902	分之
903	水壺
904	交叉
905	全自動
906	出貨
907	samsung
908	雨傘
909	skechers
910	黃色
911	玩偶
912	女神
913	麥克
914	忍者
915	同人
916	堂課
917	fury
918	防刮
919	摩托車
920	革命
921	官方
922	cd
923	太空
924	透視
925	港風
926	教師
927	機芯
928	運動短褲
929	kui
930	相機
931	星星
932	mini
933	abercrombie
934	數位
935	每日
936	日曆
937	傳奇
938	neo
939	成新
940	照片
941	吸盤
942	窗簾
943	slip
944	vivi
945	mizuno
946	移動
947	款式
948	戰術
949	設計師
950	阿曼
951	全手工
952	法蘭
953	游戲
954	音響
955	愛馬仕
956	鑽石
957	presto
958	文字
959	價格
960	強力
961	掛繩
962	童話
963	一代
964	星辰
965	果凍
966	字裙
967	華萊士
968	r1
969	mm
970	紫色
971	白金
972	插卡
973	通信
974	色大
975	加工
976	耳塞
977	質感
978	錄音
979	帆船
980	時間
981	迪士尼
982	背景
983	部落
984	升級
985	菱格
986	腳踏
987	百貨
988	do
989	錶女錶
990	盒子
991	你的
992	短袖純棉
993	off
994	空軍
995	40mm
996	真絲
997	代籃球鞋
998	電源
999	三色
1000	kyrie
1001	紅黑
1002	小熊
1003	現折
1004	坐墊
1005	夜視
1006	毛巾
1007	小舖
1008	特大
1009	信封
1010	dart
1011	leather
1012	時尚玩家
1013	by
1014	英雄
1015	asics
1016	eqt
1017	kd
1018	藍牙耳機
1019	本免
1020	皮面
1021	拉桿
1022	游泳
1023	原價
1024	縮口
1025	限量版
1026	漸層
1027	北歐
1028	韓式
1029	水桶
1030	鋁合金
1031	鋁合
1032	萬寶
1033	老二
1034	鍵盤
1035	合一
1036	彈性
1037	航空
1038	增高鞋
1039	鯊魚
1040	台中
1041	賣場
1042	限時特價
1043	麥克風
1044	萬寶龍
1045	購物袋
1046	樂高
1047	登月
1048	隔熱
1049	同人誌
1050	t1
1051	豹紋
1052	外殼
1053	青春
1054	sony
1055	行動
1056	sky
1057	super
1058	地墊
1059	高效
1060	排汗
1061	豐田
1062	公分
1063	benassi
1064	演出服
1065	太陽能
1066	女運動鞋
1067	sg
1068	塑膠
1069	安裝
1070	戰爭
1071	鏡面
1072	羽毛球
1073	型男
1074	冬裝新款
1075	童書
1076	男短袖
1077	方向
1078	mid
1079	收納包
1080	rosherun
1081	bape
1082	ape
1083	fitch
1084	底座
1085	眼睛
1086	純棉短袖
1087	新品上市
1088	精鋼
1089	print
1090	頭盔
1091	抽屜
1092	厘米
1093	子潮
1094	顯示
1095	仙女
1096	動力
1097	代言
1098	aone
1099	瑞典
1100	愛彼
1101	中號
1102	款新
1103	htc
1104	過濾
1105	on
1106	電子錶
1107	toys
1108	防震
1109	45mm
1110	改裝
1111	長版
1112	頭套
1113	鐘錶
1114	dunk
1115	字扣
1116	動畫
1117	充電式
1118	滑板車
1119	便宜
1120	lunar
1121	重低音
1122	走路鞋
1123	歐文
1124	男士長袖
1125	極度乾燥
1126	固定
1127	versace
1128	輕薄
1129	高端
1130	個人
1131	華為
1132	鏡頭
1133	年鑑
1134	清潔
1135	門簾
1136	樹脂
1137	雙顯
1138	卡包
1139	高爾夫球
1140	sp
1141	件式
1142	快樂
1143	三代
1144	周年
1145	網球鞋
1146	組裝
1147	高速
1148	44mm
1149	for
1150	curry
1151	hermes
1152	天使
1153	推車
1154	文件
1155	座椅
1156	in
1157	名牌
1158	pandora
1159	美甲
1160	合作
1161	單車
1162	安卓
1163	參考
1164	aape
1165	音箱
1166	米白
1167	皮包
1168	收納袋
1169	杜蘭特
1170	電波
1171	通訊
1172	鋼筆
1173	iphone7
1174	有線
1175	卡其
1176	手持
1177	人版
1178	精靈
1179	貨到付款
1180	純手工
1181	閃光
1182	藍黑
1183	blue
1184	望遠鏡
1185	任選
1186	exe
1187	保溫杯
1188	全明星
1189	三國
1190	螢幕
1191	s925
1192	superdry
1193	診斷
1194	marc
1195	nixon
1196	鏡框
1197	製作
1198	雨衣
1199	注音
1200	水桶包
1201	浮雕
1202	數控
1203	便當
1204	變色
1205	件免運
1206	義大利
1207	微型
1208	daniel
1209	國中
1210	樂享
1211	夢幻
1212	聯名款
1213	jacobs
1214	森林
1215	se
1216	點點
1217	apple
1218	文具
1219	字母印花
1220	and
1221	卡片
1222	皇家
1223	新手
1224	比較
1225	檔案
1226	軍綠
1227	黑龍
1228	年新
1229	新世紀
1230	毛線帽
1231	invicta
1232	牛仔外套
1233	制服
1234	特別
1235	戰士
1236	iphone6
1237	防爆
1238	fossil
1239	下殺
1240	ti
1241	essential
1242	玻璃杯
1243	領男
1244	聯網
1245	關鍵
1246	行李箱
1247	長袖帽
1248	傳輸
1249	晶鑽
1250	厚款
1251	全金屬
1252	primeknit
1253	串珠
1254	racer
1255	縮口褲
1256	鍍金
1257	an
1258	超人
1259	聖誕節
1260	yts
1261	鳳凰
1262	flux
1263	old
1264	furylite
1265	速乾
1266	零件
1267	pegasus
1268	6plus
1269	toyota
1270	鋼化
1271	北方
1272	xi
1273	運動拖鞋
1274	年大
1275	龍頭
1276	足球鞋
1277	團體
1278	護眼
1279	br
1280	油畫
1281	alice
1282	年紀
1283	小西
1284	博物館
1285	潘朵拉
1286	18k
1287	羅斯
1288	肩帶
1289	皮衣
1290	未拆封
1291	男長袖
1292	貨號
1293	泳裝
1294	四角
1295	鋼圈
1296	藍光
1297	炫彩
1298	硬殼
1299	七彩
1300	長方
1301	東京
1302	旗袍
1303	新款歐美
1304	書桌
1305	厚棉
1306	領導
1307	af1
1308	skool
1309	tech
1310	藍芽
1311	手機套
1312	越野
1313	代理
1314	紅外
1315	鬧鐘
1316	繪本
1317	皮錶帶
1318	碳纖
1319	衣櫥
1320	mp3
1321	clover
1322	7plus
1323	集成
1324	核心
1325	米奇
1326	實體
1327	wellington
1328	精緻
1329	rado
1330	自拍
1331	收納箱
1332	moschino
1333	測試
1334	關節
1335	畫冊
1336	內飾
1337	套餐
1338	original
1339	感應
1340	收納櫃
1341	武士鞋
1342	球拍
1343	時鐘
1344	burch
1345	v2
1346	bb
1347	買一送
1348	衣架
1349	insta
1350	液晶
1351	av
1352	hamilton
1353	無鋼圈
1354	真題
1355	放大
1356	咖啡杯
1357	萬向
1358	陀螺
1359	衝鋒
1360	一套
1361	xdr
1362	衣櫃
1363	搭配
1364	水瓶
1365	拼圖
1366	先生
1367	變形
1368	遊戲王
1369	亮面
1370	羽球
1371	工作鞋
1372	黑綠
1373	冰箱
1374	開關
1375	持續
1376	中童
1377	真空
1378	保濕
1379	華碩
1380	訂做
1381	瓦斯
1382	微波
1383	acer
1384	go
1385	光學
1386	熊貓
1387	ga100
1388	hello
1389	方案
1390	天空
1391	adv
1392	support
1393	煙斗
1394	出口
1395	絕版
1396	螢光綠
1397	hi
1398	電動槍
1399	oppo
1400	角色
1401	max90
1402	登山鞋
1403	車貼
1404	壓紋
1405	sd
1406	woven
1407	迷妳
1408	休閒服
1409	蛋糕
1410	joy
1411	飛利浦
1412	kitty
1413	大戰
1414	烘焙
1415	兔子
1416	和服
1417	項圈
1418	街舞
1419	熱水
1420	kelly
1421	工作室
1422	梅花
1423	旅行背包
1424	ks
1425	運動健身
1426	寫真
1427	新型
1428	播放
1429	向盤
1430	方向盤
1431	羽絨外套
1432	夢想
1433	30ml
1434	prm
1435	38mm
1436	線控
1437	slide
1438	xr1
1439	博士
1440	天梭
1441	爵士
1442	tory
1443	馬車
1444	棒球外套
1445	yisiting
1446	48mm
1447	攻略
1448	suede
1449	75ml
1450	隊服
1451	英寸
1452	tissot
1453	小椰子
1454	premium
1455	asus
1456	物語
1457	backpack
1458	相紙
1459	法拉利
1460	outlet
1461	旅行箱
1462	行箱
1463	通用型
1464	gg
1465	pgn
1466	尼爾
1467	排扣
1468	cf
1469	電腦桌
1470	勝利
1471	魚骨
1472	子彈
1473	鞋防水
1474	ol
1475	初級
1476	美女
1477	irving
1478	吊飾
1479	visual
1480	藍球
1481	家的
1482	紳士
1483	fendi
1484	公牛
1485	snapback
1486	photoshop
1487	實心
1488	賽季
1489	個月
1490	日本代購
1491	米亞
1492	lg
1493	city
1494	傳輸線
1495	露營
1496	emporio
1497	專題
1498	xl
1499	最佳
1500	nsw
1501	優化
1502	普卡
1503	蠟燭
1504	聯盟
1505	媽咪
1506	tama
1507	碳纖維
1508	台北
1509	無線藍牙
1510	純白
1511	as
1512	貼膜
1513	達人
1514	枕套
1515	范思哲
1516	勇士
1517	閃電
1518	加強
1519	江詩丹頓
1520	豪華
1521	wi
1522	aj1
1523	lol
1524	offwhite
1525	連帽運動
1526	卡通可愛
1527	coco
1528	意大利
1529	從零
1530	魅力
1531	功率
1532	pony
1533	護膝
1534	升級版
1535	台幣
1536	手腕
1537	專輯
1538	地板
1539	風扇
1540	日本製
1541	護腰
1542	會計學
1543	目鏡
1544	護目鏡
1545	抽屜式
1546	面具
1547	洛克
1548	黑底
1549	tester
1550	迪奧
1551	lu
1552	床包
1553	影像
1554	計劃
1555	aj4
1556	主機
1557	把手
1558	手柄
1559	cc
1560	木工
1561	台灣製造
1562	美的
1563	四代
1564	巴西
1565	年新款
1566	男友
1567	小姐
1568	鋼鐵
1569	running
1570	lego
1571	dior
1572	件組
1573	授權
1574	雷朋
1575	ea7
1576	銳步
1577	rose
1578	濾心
1579	辦公桌
1580	滑鼠
1581	日情
1582	we
1583	box
1584	ar
1585	恐龍
1586	錄音筆
1587	認證
1588	筆電包
1589	滿版
1590	歌曲
1591	防潑水
1592	發行
1593	平衡
1594	鑰匙包
1595	青島
1596	最後
1597	適合
1598	james
1599	碼錶
1600	thea
1601	耐熱
1602	套件
1603	芭比
1604	boy
1605	上衣服
1606	魔幻
1607	星座
1608	口罩
1609	小黑
1610	電磁
1611	馬卡龍
1612	防盜
1613	名片
1614	立式
1615	rn
1616	bjd
1617	版本
1618	鑰匙圈
1619	aimei
1620	giaren
1621	新北
1622	鏡片
1623	女優
1624	dc
1625	牛仔短褲
1626	顆粒
1627	加寬
1628	保護貼
1629	錢幣
1630	武器
1631	公斤
1632	民法
1633	de
1634	款韓國
1635	拉桿箱
1636	千年
1637	版可愛
1638	本田
1639	衛浴
1640	邊框
1641	ad
1642	典藏版
1643	料理
1644	空軍一號
1645	掛鉤
1646	design
1647	trainer
1648	80s
1649	church
1650	數據線
1651	銀白
1652	便當盒
1653	黑膠
1654	音樂盒
1655	天鵝
1656	red
1657	電鍍
1658	超強
1659	就是
1660	幻想
1661	衝擊
1662	次元
1663	exchange
1664	三合
1665	如意
1666	ford
1667	小象
1668	basic
1669	3c
1670	小狗
1671	繽紛
1672	入耳式
1673	hoodie
1674	馬克杯
1675	alin
1676	全新未拆
1677	快感
1678	flight
1679	保養
1680	機器人
1681	安全帽
1682	shadow
1683	運行
1684	方向盤套
1685	刑法
1686	領修身
1687	床墊
1688	代表
1689	moon
1690	鞋櫃
1691	室外
1692	two
1693	膠帶
1694	磁性
1695	強化
1696	大頭
1697	xperia
1698	高手
1699	領素
1700	火焰
1701	可用
1702	鈦金
1703	全館滿
1704	旅行袋
1705	國外
1706	全彩
1707	轉接
1708	jacket
1709	安娜
1710	bmw
1711	手把
1712	鱷魚紋
1713	sxxl
1714	正品男
1715	立體聲
1716	情趣內衣
1717	平板電腦
1718	明信片
1719	montblanc
1720	空運
1721	棉被
1722	網狀
1723	徽章
1724	互動
1725	升降
1726	5s
1727	iii
1728	精英
1729	試題
1730	慢跑鞋男
1731	4g
1732	denicotea
1733	刺繡小
1734	微波爐
1735	電線
1736	autocad
1737	全方位
1738	王子
1739	輕量化
1740	新款短
1741	黑紫
1742	姐妹
1743	nm
1744	榻榻米
1745	增強
1746	westwood
1747	vivienne
1748	花盆
1749	風雲
1750	時尚風
1751	6mm
1752	打火機
1753	貼布
1754	節能
1755	直徑
1756	支持
1757	原木
1758	海賊
1759	風機
1760	福特
1761	踏板
1762	腳踏車
1763	機能
1764	手推車
1765	方格
1766	演唱會
1767	明星款
1768	棉外套
1769	早期
1770	安安
1771	彈簧
1772	領素面
1773	cartier
1774	吸塵
1775	iv
1776	毛毛蟲
1777	前後
1778	版短
1779	防漏
1780	la
1781	運動背包
1782	kama
1783	to
1784	單寧
1785	車充
1786	降噪
1787	帝國
1788	taylor
1789	桌遊
1790	兄弟
1791	熱銷款
1792	機架
1793	地震
1794	絲巾
1795	aj11
1796	元素
1797	java
1798	滾珠
1799	粉紅色
1800	規格
1801	字鞋
1802	車頭
1803	原裝進口
1804	大功率
1805	商城
1806	球褲
1807	泰國
1808	公雞
1809	記錄
1810	小小
1811	海賊王
1812	軌道
1813	手槍
1814	頭皮
1815	耐克男鞋
1816	快充
1817	計量
1818	le
1819	食物
1820	swoosh
1821	入組
1822	相框
1823	paul
1824	燈具
1825	主題
1826	honda
1827	傳說
1828	fragment
1829	雕塑
1830	亞瑟士
1831	胸罩
1832	海報
1833	動漫周邊
1834	護腕
1835	鐳射
1836	baby
1837	殺手
1838	bobo
1839	暖手
1840	雜貨
1841	新潮
1842	sm
1843	chuck
1844	亞洲
1845	同名
1846	藍橘
1847	接頭
1848	冒險
1849	boss
1850	的第
1851	帳篷
1852	版第
1853	瘋狂
1854	強光
1855	us
1856	托盤
1857	休閒短袖
1858	海豚
1859	秋冬韓版
1860	導航
1861	防潮
1862	sw
1863	43mm
1864	波紋
1865	game
1866	前列腺
1867	純銀項鍊
1868	單反
1869	攜碼
1870	大眾
1871	檢驗
1872	恤潮
1873	斑馬
1874	硬碟
1875	束口袋
1876	平面
1877	iphone6s
1878	車鑰匙
1879	kaishi
1880	court
1881	簡版
1882	記事本
1883	mxl
1884	王國
1885	saint
1886	克拉
1887	blaze
1888	直播
1889	bv
1890	note
1891	調整
1892	4d
1893	tods
1894	專屬
1895	吸塵器
1896	月刊
1897	床罩
1898	hp
1899	charms
1900	解決
1901	車身
1902	玻璃貼
1903	超商
1904	特殊
1905	萬用
1906	團體服
1907	雙筒
1908	馬桶
1909	乳膠
1910	燈芯
1911	波士頓
1912	shoes
1913	ecodrive
1914	膠套
1915	童車
1916	建國
1917	sport
1918	目錄
1919	全民
1920	檸檬
1921	鋼化膜
1922	學步鞋
1923	日產
1924	庫里
1925	浴巾
1926	輪胎
1927	印章
1928	小時
1929	rihanna
1930	pure
1931	馬牌
1932	效果
1933	teemo
1934	3ds
1935	線性
1936	攜帶
1937	和風
1938	pod
1939	wave
1940	虛擬
1941	xxl
1942	後視鏡
1943	萬聖節
1944	熱敷
1945	睡袋
1946	針織帽
1947	分享
1948	夜燈
1949	滿天星
1950	vi
1951	登山背包
1952	zero
1953	男士外套
1954	的應用
1955	防霧
1956	信號
1957	披風
1958	底板
1959	一組
1960	36mm
1961	海綿
1962	鐵灰
1963	加熱
1964	人偶
1965	porter
1966	長袖圓領
1967	夏季短
1968	lucy
1969	men
1970	london
1971	面膜
1972	ch
1973	喬登
1974	鏡架
1975	照明
1976	月號
1977	hydro
1978	甜心
1979	故障
1980	18m
1981	ss
1982	等級
1983	大全集
1984	分鐘
1985	套全
1986	cap
1987	wifi
1988	it
1989	美國隊
1990	雙免運
1991	加絨連帽
1992	女用
1993	相冊
1994	家族
1995	rt
1996	馬達
1997	刀架
1998	真實
1999	柯瑞
2000	雙排
2001	大童鞋
2002	knit
2003	eva
2004	精油
2005	航模
2006	tpu
2007	pretty
2008	生存
2009	pc
2010	標誌
2011	交流
2012	46mm
2013	穩定
2014	老鷹
2015	uv
2016	循環
2017	卡鋪
2018	bag
2019	平光
2020	散熱
2021	無線遙控
2022	長棉
2023	隨手杯
2024	戀愛
2025	fast
2026	哈登
2027	延長
2028	卷第
2029	39mm
2030	卡爾
2031	棉套
2032	藍球鞋
2033	激光
2034	金牌
2035	life
2036	保護膜
2037	oreo
2038	電話
2039	年的
2040	線香
2041	小禮服
2042	二次元
2043	防蚊
2044	鞋男款
2045	引擎
2046	三合一
2047	梨花
2048	永恆
2049	回憶錄
2050	單片
2051	可充電
2052	可充
2053	假日
2054	釘鞋
2055	tiger
2056	牌潮
2057	liv
2058	jack
2059	41mm
2060	電競
2061	tc
2062	pop
2063	超靜音
2064	jf
2065	ld1000
2066	thrasher
2067	打造
2068	吉田
2069	bvlgari
2070	桌墊
2071	laurent
2072	stephen
2073	螺旋
2074	連帽長
2075	wy
2076	頭燈
2077	japan
2078	nissan
2079	座墊
2080	沐浴
2081	中型
2082	internationalist
2083	網路
2084	原理及
2085	danielwellington
2086	吉他
2087	uptempo
2088	爆裂紋
2089	聯想
2090	耐高溫
2091	御用
2092	pack
2093	高彈
2094	john
2095	音機
2096	充電線
2097	hyperdunk
2098	廣角
2099	pink
2100	面罩
2101	厄文
2102	vr
2103	iphone6plus
2104	胡桃
2105	事務
2106	雷霆
2107	ins
2108	電機
2109	化妝箱
2110	a4
2111	型枕
2112	剪刀
2113	螺絲
2114	超軟
2115	硬幣
2116	怪獸
2117	播放器
2118	kevin
2119	航海王
2120	寬楦
2121	寵物用
2122	對戰
2123	直升機
2124	north
2125	face
2126	氣球
2127	女慢跑鞋
2128	絨毛
2129	五代
2130	名片夾
2131	aj6
2132	ga110
2133	美食
2134	ix
2135	bg
2136	moire
2137	果汁
2138	運動手錶
2139	水滴
2140	卡套
2141	footscape
2142	huf
2143	機組
2144	火箭
2145	索尼
2146	榮耀
2147	軍迷
2148	heart
2149	手辦
2150	長袖素
2151	車衣
2152	gazelle
2153	海馬
2154	多口
2155	北美
2156	光電
2157	wins
2158	水彩
2159	草帽
2160	合成
2161	星辰錶
2162	發射
2163	鋼彈
2164	氣囊
2165	紅米
2166	新款秋季
2167	盤式
2168	作戰
2169	淋浴
2170	紀念版
2171	aspire
2172	個裝
2173	sunny
2174	斯凱奇
2175	m4
2176	sxl
2177	fit
2178	腳架
2179	藝術家
2180	八八
2181	雙頭
2182	指甲油
2183	hg
2184	線路
2185	手拉
2186	暗黑
2187	濾芯
2188	手電筒
2189	鈴木
2190	歡樂
2191	點煙器
2192	aj5
2193	單層
2194	kanye
2195	lbj
2196	達爾
2197	西班牙
2198	triple
2199	32g
2200	二合一
2201	ftcs
2202	nylon
2203	note3
2204	ignite
2205	手臂
2206	雷射
2207	tr
2208	三百
2209	極限
2210	羽毛球拍
2211	藍天
2212	slipon
2213	viral
2214	抗菌
2215	燈飾
2216	騎士隊
2217	黑魂
2218	聽力
2219	out
2220	收藏家
2221	折疊式
2222	織帶
2223	鍛煉
2224	最新版
2225	絲襪
2226	九州
2227	50mm
2228	磁吸
2229	通話
2230	命運
2231	水袋
2232	車上
2233	電磁爐
2234	多媒體
2235	diesel
2236	xw
2237	200ml
2238	mei
2239	頸部
2240	艦隊
2241	轉換
2242	衣鋪
2243	角色扮演
2244	toki
2245	精益
2246	日本原裝
2247	耐吉男鞋
2248	magic
2249	墨水
2250	yoyo
2251	day
2252	餅乾
2253	聲控
2254	代工
2255	濾網
2256	實施
2257	魔方
2258	放大鏡
2259	車罩
2260	edifice
2261	法師
2262	單排
2263	ray
2264	水平
2265	整理箱
2266	瓷杯
2267	短褲男
2268	grey
2269	動力學
2270	整套
2271	帶平
2272	超小
2273	tim
2274	canon
2275	垃圾桶
2276	patek
2277	掛軸
2278	gaga
2279	lunarepic
2280	按摩儀
2281	天堂
2282	marui
2283	重機
2284	泡沫
2285	純銀戒指
2286	鍊條
2287	紅外線
2288	封面
2289	ok
2290	collection
2291	週年紀念
2292	yiran
2293	北極
2294	windows
2295	界的
2296	i7
2297	絲光棉
2298	加濕
2299	壓克力
2300	年最新
2301	zx750
2302	伺服
2303	國旗
2304	lunarglide
2305	風暴
2306	帶燈
2307	影音
2308	福斯
2309	khaki
2310	巧克力
2311	手指
2312	全銅
2313	vivo
2314	嚴選
2315	qasa
2316	鞋款
2317	fleece
2318	人魚
2319	年保固
2320	鋼化玻璃
2321	緊身褲
2322	環球
2323	仿皮
2324	高壓
2325	durant
2326	more
2327	運動內衣
2328	翻蓋式
2329	版雙
2330	觸控
2331	a5
2332	play
2333	專利
2334	戴爾
2335	光碟
2336	tommy
2337	寶馬
2338	面板
2339	快速充電
2340	代戰
2341	顆佛珠
2342	魔力
2343	浪琴
2344	故宮
2345	crew
2346	極速
2347	司馬
2348	凱蒂貓
2349	blazer
2350	萬能
2351	iphone7plus
2352	可動
2353	msi
2354	小羊皮
2355	light
2356	basket
2357	大理石
2358	lelo
2359	防摔殼
2360	彈匣
2361	精工錶
2362	啞鈴
2363	驅動
2364	alice2017
2365	chukka
2366	百萬
2367	訂製
2368	夜跑
2369	三環
2370	超越
2371	ps4
2372	至尊
2373	椰子鞋
2374	sal
2375	球員
2376	加拿大
2377	連接
2378	jaeger
2379	west
2380	三菱
2381	表帶
2382	txt
2383	dn
2384	支援
2385	防滑墊
2386	excel
2387	luminor
2388	style
2389	書櫃
2390	化妝鏡
2391	電波錶
2392	防水背包
2393	cat
2394	吊帶裙
2395	加濕器
2396	李寧
2397	荷蘭
2398	flex
2399	抗藍光
2400	大碼寬鬆
2401	up
2402	24k
2403	tank
2404	烤盤
2405	遙控器
2406	洗衣機
2407	fila
2408	fenty
2409	奶瓶
2410	洗髮精
2411	lite
2412	條紋長
2413	連帽長袖
2414	suzuki
2415	戶外防水
2416	新款正品
2417	mode
2418	貼片
2419	懷舊
2420	月租
2421	剪紙
2422	行動電
2423	agnes
2424	carry
2425	chloe
2426	flash
2427	極致
2428	電瓶
2429	氣動
2430	mvp
2431	啤酒
2432	vii
2433	web
2434	無限
2435	gel
2436	doll
2437	空壓
2438	yonex
2439	微笑
2440	汽車百貨
2441	磁鐵
2442	俱樂部
2443	team
2444	貝殼鞋
2445	印花長
2446	zne
2447	經典雙
2448	標簽
2449	500ml
2450	生化
2451	改良
2452	家小舖
2453	男士內褲
2454	手作
2455	結合
2456	golf
2457	watch
2458	長條
2459	benz
2460	香皂
2461	芝加哥
2462	vapormax
2463	色款
2464	儀表
2465	philippe
2466	milano
2467	景品
2468	plc
2469	kqueenstar
2470	鋰電
2471	行動電源
2472	fly
2473	四葉草
2474	瓦斯槍
2475	guess
2476	book
2477	倒車
2478	原廠充電
2479	電子琴
2480	烤爐
2481	吳亦凡
2482	lacoste
2483	ferragamo
2484	無敵
2485	全包邊
2486	12v
2487	大腳
2488	寬版
2489	dry
2490	商用
2491	士兵
2492	攝像
2493	vacheron
2494	分離
2495	的家
2496	標籤
2497	純棉刷毛
2498	time
2499	無機
2500	隨身聽
2501	四角褲
2502	應急
2503	展示架
2504	超亮
2505	六代
2506	擋風
2507	黑板
2508	ip
2509	orient
2510	xii
2511	單片機
2512	無煙
2513	top
2514	toms
2515	分牛仔
2516	big
2517	死亡
2518	唱片
2519	咖啡廳
2520	tennis
2521	玩轉
2522	vs
2523	rayban
2524	多彩
2525	usa
2526	加厚款
2527	雪靴
2528	特典
2529	color
2530	泰迪熊
2531	偏光鏡
2532	全包防摔
2533	勇士隊
2534	birkenstock
2535	住宅
2536	fashion
2537	牙刷
2538	悟空
2539	賓士
2540	電信
2541	戰鬥機
2542	單眼
2543	香蕉
2544	比娃娃
2545	後蓋
2546	ml
2547	衫男長袖
2548	烤箱
2549	飼料
2550	小屋
2551	馬自達
2552	me
2553	60ml
2554	kpu
2555	側翻
2556	變形金剛
2557	消防
2558	ktv
2559	排水
2560	機關
2561	新大
2562	純銀耳環
2563	相機包
2564	多拉
2565	整理盒
2566	散熱器
2567	power
2568	palace
2569	出風口
2570	微星
2571	坦克
2572	領棉
2573	翅膀
2574	支裝
2575	夾腳拖
2576	field
2577	競技
2578	耳罩
2579	倉庫
2580	本舖
2581	美少女
2582	rock
2583	350v2
2584	live
2585	工作褲
2586	6splus
2587	高低
2588	圓筒
2589	ban
2590	吹風機
2591	平臺
2592	男帽
2593	w08
2594	adilette
2595	的店
2596	酒瓶
2597	windcheater
2598	念珠
2599	用於
2600	歲女
2601	試用
2602	雙人加大
2603	wow
2604	版的
2605	r11s
2606	虛擬現實
2607	鼠籠
2608	搞怪
2609	嘟嘟
2610	世紀的
2611	冷氣
2612	以上
2613	17ss
2614	奧迪
2615	a8
2616	六角
2617	水性
2618	華語
2619	walk
2620	壓力
2621	qz
2622	jo
2623	車玩
2624	電壓
2625	longchamp
2626	64g
2627	初音
2628	neighborhood
2629	變頻震動
2630	三腳架
2631	edition
2632	speedform
2633	工具箱
2634	hd
2635	攝影機
2636	百搭上衣
2637	狙擊
2638	輻射
2639	側邊
2640	形象
2641	拉力
2642	貼畫
2643	uncaged
2644	刺客
2645	登機箱
2646	yy
2647	diamond
2648	sl
2649	鐵牌
2650	滑套
2651	曲面
2652	timberland
2653	x3
2654	蜂巢
2655	電視櫃
2656	理想
2657	一體機
2658	hugo
2659	ey
2660	接口
2661	兼容
2662	監控
2663	哆啦
2664	手持式
2665	題庫
2666	背心女
2667	分短
2668	最強
2669	藍芽耳機
2670	內裡
2671	傳動
2672	非常
2673	風光
2674	homme
2675	em
2676	sandal
2677	dg
2678	勃肯
2679	st
2680	mi
2681	單肩背包
2682	量子
2683	獵人
2684	32mm
2685	北臉
2686	micro
2687	國軍
2688	紅標
2689	camo
2690	點按摩棒
2691	元起
2692	護踝
2693	1000ml
2694	錶殼
2695	工坊
2696	玉米
2697	鬼洗
2698	mazda
2699	年初版
2700	鞋藍
2701	kate
2702	燈座
2703	氣壓
2704	genmu
2705	男生短
2706	開拓者
2707	future
2708	菲利普
2709	slim
2710	定位
2711	club
2712	薰衣草
2713	樂團
2714	液體
2715	cad
2716	蝙蝠俠
2717	內裝
2718	正義
2719	防彈
2720	我是
2721	入門與
2722	東方錶
2723	彩燈
2724	全車
2725	jdi
2726	窗簾布
2727	國志
2728	限定版
2729	16g
2730	beats
2731	c93
2732	劇場
2733	釣竿
2734	女僕
2735	運動型
2736	國產
2737	tom
2738	a342
2739	孔子
2740	色情
2741	澳洲
2742	曲線
2743	觸摸
2744	連線
2745	金屬邊框
2746	飲料
2747	30mm
2748	溫暖
2749	獨角
2750	george
2751	sa
2752	anna
2753	代理版
2754	220v
2755	茉莉
2756	core
2757	instapump
2758	zx700
2759	fg
2760	短版
2761	米色
2762	接線
2763	衣裝
2764	螺紋
2765	levis
2766	longines
2767	紅綠
2768	pant
2769	無人機
2770	ax
2771	杯墊
2772	maserati
2773	水果盤
2774	兒童鞋
2775	三分
2776	音樂會
2777	體感
2778	palladium
2779	貓頭鷹
2780	5ml
2781	層架
2782	bhm
2783	吸濕排汗
2784	創刊
2785	賽車鞋
2786	aj13
2787	luminox
2788	印花短
2789	龍貓
2790	125ml
2791	gbb
2792	bottega
2793	veneta
2794	保鮮盒
2795	吸頂
2796	戰神
2797	project
2798	gmt
2799	xiii
2800	tendence
2801	有屏
2802	山本耀司
2803	cnc
2804	ferrari
2805	vip
2806	課本
2807	zenfone
2808	r2
2809	摺疊
2810	3g
2811	排球
2812	貨車
2813	函數
2814	咖啡機
2815	汽車工具
2816	周年紀念
2817	下午茶
2818	歌手
2819	防水尼龍
2820	fate
2821	清水
2822	gps
2823	sportswear
2824	manuale
2825	八代
2826	state
2827	單反相機
2828	另售
2829	英文字母
2830	mcm
2831	收音機
2832	victor
2833	輸出
2834	月新款
2835	紀梵希
2836	分配
2837	美髮
2838	趴趴
2839	女性香水
2840	35mm
2841	惡魔
2842	歲小
2843	戰隊
2844	breitling
2845	全景
2846	solarsoft
2847	文藝小姐
2848	5d
2849	溫度
2850	服裝女
2851	美版
2852	矽膠套
2853	一級
2854	尤尼克斯
2855	滾輪
2856	vomero
2857	nb574
2858	籃球衣
2859	女帽
2860	全屏
2861	棒球衣
2862	bd
2863	吊燈
2864	hoody
2865	bts
2866	mj
2867	手機保護
2868	霧面
2869	co2
2870	惠普
2871	刀劍神域
2872	sk6
2873	真的
2874	雙卡
2875	單色
2876	viii
2877	洗漱包
2878	預約
2879	主播
2880	拉鏈衛衣
2881	春天
2882	警察
2883	頭巾
2884	水龍頭
2885	史努比
2886	鐵人
2887	philips
2888	遙控車
2889	小丑
2890	變速
2891	gellyte
2892	旋風
2893	ali
2894	小鳥
2895	球星
2896	dr
2897	光療
2898	滑鼠墊
2899	女一
2900	競賽
2901	戰國
2902	mofi
2903	先進
2904	背蓋
2905	鞋袋
2906	system
2907	愛戀
2908	hot
2909	壁貼
2910	兔耳
2911	wns
2912	素材
2913	元起標
2914	專業用
2915	幽靈
2916	lo
2917	90ml
2918	商店
2919	lanvin
2920	prem
2921	片裝
2922	大燈
2923	起子
2924	倫敦奧運
2925	120ml
2926	doom
2927	畫素
2928	度的
2929	修護
2930	書套
2931	app
2932	轉接頭
2933	angeles
2934	los
2935	時尚經典
2936	yohji
2937	冰雪奇緣
2938	tanjun
2939	linux
2940	電容
2941	福利
2942	延長線
2943	鋼製
2944	美高
2945	卡拉
2946	印花短袖
2947	條紋短袖
2948	人像
2949	gt
2950	veer
2951	智能手環
2952	星戰
2953	空白
2954	crazy
2955	sxym
2956	47mm
2957	港劇
2958	代大
2959	餐盤
2960	趨勢
2961	mesh
2962	加贈
2963	bl
2964	一體成型
2965	note5
2966	磁帶
2967	9mm
2968	遠東
2969	口紅
2970	緊身衣
2971	銀字
2972	jazzmaster
2973	air2
2974	雙向
2975	恤短
2976	車機
2977	貝克漢
2978	負離子
2979	黑白配色
2980	小卡
2981	講座
2982	顯示器
2983	swift
2984	方塊
2985	獨角獸
2986	塔香
2987	roots
2988	nikon
2989	行車記錄
2990	行車記
2991	龍珠
2992	保時捷
2993	火鍋
2994	變色龍
2995	焊接
2996	透光
2997	玻璃水
2998	字型
2999	元免運
3000	bounce
3001	店鋪
3002	givenchy
3003	單位
3004	信仰
3005	護髮
3006	星光
3007	運動涼鞋
3008	燈泡
3009	緞帶
3010	刀具
3011	id
3012	purcell
3013	晴雨窗
3014	火星
3015	250ml
3016	soldier
3017	麒麟
3018	j12
3019	consortium
3020	大班
3021	高筒鞋
3022	分期
3023	狐狸
3024	瀝水架
3025	列印
3026	kt
3027	插頭
3028	janoski
3029	蘋果安卓
3030	警星
3031	隨行
3032	優惠價
3033	ow
3034	扶手
3035	魔獸
3036	外接
3037	drifit
3038	emily
3039	運動帽
3040	車模型
3041	sr
3042	四方
3043	海爾
3044	首發
3045	boots
3046	網球拍
3047	部曲
3048	電玩
3049	winflo
3050	蛋白
3051	頂燈
3052	planet
3053	大白
3054	miyake
3055	issey
3056	女長褲
3057	五期
3058	拳套
3059	三件式
3060	衛星
3061	救生衣
3062	兒童裝
3063	美軍
3064	billy
3065	雙碟
3066	耐吉短袖
3067	ace
3068	ds
3069	小怪獸
3070	bulls
3071	隨身碟
3072	equipment
3073	shirt
3074	百合
3075	homiez
3076	籃球褲
3077	第二代
3078	活力
3079	sui
3080	電槍
3081	亞太
3082	高質感
3083	j7
3084	年代
3085	半月
3086	供電
3087	newbalance
3088	海盜
3089	6cm
3090	world
3091	純色短
3092	bp
3093	躺椅
3094	改造
3095	m2
3096	黑檀
3097	潮吹
3098	千萬
3099	nbhd
3100	包鞋
3101	w25
3102	一包
3103	偶像
3104	油漆
3105	美國隊長
3106	記憶體
3107	110v
3108	開門
3109	trey
3110	lux
3111	era
3112	hype
3113	鍋具
3114	summer
3115	nikelab
3116	炒鍋
3117	演化
3118	stefan
3119	神奇寶貝
3120	口琴
3121	贈品
3122	抗衝擊
3123	android
3124	speed
3125	艦娘
3126	品質保證
3127	擴展
3128	china
3129	aj12
3130	ics
3131	二級
3132	高亮
3133	desire
3134	情侶帽
3135	hilfiger
3136	golden
3137	一期
3138	jl
3139	3s
3140	note4
3141	噴式
3142	short
3143	速度
3144	防水鞋
3145	原生
3146	revolution
3147	金鋼
3148	亨利
3149	mrch
3150	吸頂燈
3151	防水包
3152	disc
3153	小鋼炮
3154	md
3155	150ml
3156	ppt
3157	20cm
3158	煎鍋
3159	圖鑑
3160	size
3161	mmj
3162	一拖
3163	工業風
3164	男香
3165	rider
3166	小提琴
3167	拳擊手套
3168	lte
3169	車燈
3170	美人魚
3171	300ml
3172	銅版紙
3173	mit
3174	typec
3175	9h
3176	space
3177	權利
3178	huawei
3179	mercurial
3180	碳粉
3181	效能
3182	eau
3183	只要
3184	合集
3185	dj
3186	vintage
3187	m9
3188	諾基亞
3189	臺北
3190	皮蓬
3191	粉彩
3192	34mm
3193	領運動
3194	tenga
3195	原裝正品
3196	直購價
3197	omysky
3198	1cd
3199	模組
3200	td
3201	m3
3202	運動襪
3203	對象
3204	316l
3205	ug
3206	五星
3207	ty3
3208	保溫瓶
3209	superfly
3210	全鋼
3211	褲襪
3212	altis
3213	閃燈
3214	控制器
3215	gold
3216	6p
3217	心情
3218	臉部
3219	malone
3220	pam
3221	4k
3222	d9
3223	2015aw
3224	ls
3225	hollister
3226	fresh
3227	基地
3228	節裝
3229	14cm
3230	空壓殼
3231	zk
3232	套筒
3233	齒輪
3234	7p
3235	樂高積木
3236	手機架
3237	cs6
3238	shaki
3239	傑克
3240	羽球拍
3241	girl
3242	m2xl
3243	哥倫比亞
3244	錄影
3245	片式
3246	通用款
3247	計步器
3248	harden
3249	麥迪
3250	變壓
3251	royal
3252	加強版
3253	式與
3254	navy
3255	usb30
3256	背光
3257	crv
3258	公民
3259	eclipse
3260	學園
3261	vapor
3262	extaball
3263	cs
3264	structure
3265	握把
3266	美體
3267	夾式
3268	edge
3269	麻葉
3270	master
3271	娛樂
3272	10k
3273	猛男
3274	jr
3275	volkswagen
3276	角落
3277	m8
3278	tf
3279	secret
3280	眼影
3281	tiida
3282	fantasy
3283	瑜珈墊
3284	鋼絲
3285	tr90
3286	內置
3287	酒壺
3288	orange
3289	通道
3290	直流
3291	大黃蜂
3292	麻將
3293	mastermind
3294	lgo
3295	出租
3296	paris
3297	運動防水
3298	肩包大
3299	拇指
3300	奇蹟
3301	re
3302	省電
3303	pour
3304	手機電腦
3305	礦物
3306	adizero
3307	原装
3308	ice
3309	chrono
3310	clot
3311	活頁
3312	手帳
3313	防水透氣
3314	鋰電池
3315	世代
3316	is
3317	車系
3318	4s
3319	寶可夢
3320	靈魂
3321	木地板
3322	supermarket
3323	刀鋒
3324	dkny
3325	四層
3326	加重
3327	just
3328	晶片
3329	80cm
3330	energy
3331	dot
3332	ba110
3333	個人的
3334	軟片
3335	耳掛
3336	越野車
3337	南瓜
3338	60cm
3339	壘球
3340	tv
3341	oversize
3342	ag
3343	creeper
3344	四軸
3345	加高
3346	內頁
3347	真正
3348	mont
3349	blanc
3350	26mm
3351	車標
3352	social
3353	shorts
3354	毫米
3355	三用
3356	日立
3357	年後
3358	s6
3359	福克斯
3360	嵌入式
3361	civic
3362	電寶
3363	充電寶
3364	起源
3365	男連帽
3366	sports
3367	變壓器
3368	5cm
3369	行政法
3370	設計的
3371	dual
3372	充電電
3373	飛碟
3374	exo
3375	空機
3376	魔戒
3377	之後
3378	防水手錶
3379	一條
3380	打印
3381	板手
3382	women
3383	屏風
3384	兒童手錶
3385	水管
3386	monster
3387	樂樂
3388	啦啦隊
3389	火影忍者
3390	火影忍
3391	衝刺
3392	細肩
3393	ed
3394	手錶男錶
3395	25cm
3396	風鏡
3397	disney
3398	盾牌
3399	聲寶
3400	手竿
3401	hero
3402	mtg
3403	智慧型
3404	板橋
3405	10mm
3406	保養品
3407	轉盤
3408	10cm
3409	按鍵
3410	得利
3411	單孔
3412	matlab
3413	垂直
3414	pants
3415	液晶電視
3416	底盤
3417	彈槍
3418	長型
3419	美白
3420	碳粉匣
3421	r698
3422	lin
3423	trail
3424	alba
3425	cavaliers
3426	止滑
3427	蘑菇
3428	世盟
3429	月預
3430	地獄
3431	肥皂
3432	星際大戰
3433	吸血
3434	日誌
3435	飛行外套
3436	膠囊
3437	大作戰
3438	xc
3439	版含
3440	cp
3441	timberwolves
3442	經典版
3443	zip
3444	可插
3445	講解
3446	中款
3447	woodbury
3448	運動水壺
3449	男純棉
3450	基因
3451	鋼珠
3452	king
3453	macbook
3454	薄型
3455	色鉛筆
3456	浪凡
3457	直立
3458	long
3459	cl
3460	復刻版
3461	小鋪
3462	男生短袖
3463	xxxi
3464	climacool
3465	balenciaga
3466	may
3467	直排
3468	蝦皮
3469	年二版
3470	暖手寶
3471	運動連帽
3472	攻擊
3473	飛輪
3474	金字
3475	年曆
3476	日貨
3477	aj7
3478	公式
3479	tb
3480	來電
3481	s8
3482	8cm
3483	萊特
3484	新色
3485	columbia
3486	攝像頭
3487	太平洋
3488	dream
3489	man
3490	mark
3491	羅賓
3492	拖車
3493	台製
3494	側肩包
3495	eye
3496	軍人
3497	松下
3498	dt
3499	x6
3500	物生物
3501	針孔
3502	鐵板
3503	平凡
3504	伺服馬達
3505	一盒
3506	白光
3507	青蛙
3508	foamposite
3509	f1
3510	還原
3511	保險箱
3512	帶寬
3513	掃地
3514	罩式
3515	一分
3516	情侶棉
3517	卡車
3518	undefeated
3519	x1
3520	iniki
3521	15m
3522	休閒館
3523	自拍神器
3524	or
3525	lady
3526	switch
3527	stage
3528	edp
3529	lyte
3530	牙膏
3531	爆炸
3532	微調
3533	bryant
3534	foxpro
3535	機板
3536	代訂
3537	先鋒
3538	寄出
3539	cs3
3540	整合
3541	12cm
3542	鳴人
3543	onitsuka
3544	配置
3545	warriors
3546	格鬥
3547	cleveland
3548	烏龜
3549	畫線
3550	天的
3551	nova
3552	grand
3553	轉變
3554	除濕機
3555	隔離
3556	gtx
3557	best
3558	佳能
3559	七龍
3560	christian
3561	捷克
3562	電流
3563	網帽
3564	搖控
3565	studio
3566	氧化
3567	哈雷
3568	光纖
3569	長袖休閒
3570	modern
3571	way
3572	hang
3573	多美
3574	lunartempo
3575	埃及
3576	lexus
3577	alex
3578	cs5
3579	文件夾
3580	快拆
3581	直通
3582	dynamo
3583	i6
3584	天加
3585	z3
3586	飾條
3587	天絲
3588	type
3589	鎖頭
3590	uniqlo
3591	空氣清淨
3592	bo
3593	graphic
3594	ios
3595	膠水
3596	smart
3597	full
3598	1970s
3599	雷神
3600	tumi
3601	上網
3602	海關
3603	領無袖
3604	電子秤
3605	手排
3606	eyes
3607	伴娘禮服
3608	kids
3609	重量
3610	ogival
3611	椅套
3612	小車
3613	摔角
3614	檯燈
3615	誕生
3616	鐵皮
3617	機油
3618	機專用
3619	k12
3620	種子
3621	魚缸
3622	lolita
3623	body
3624	bred
3625	thunder
3626	集體
3627	八角
3628	外星人
3629	toy
3630	都會時尚
3631	火車
3632	art
3633	海神
3634	series
3635	柴油
3636	formula
3637	電烤盤
3638	重力
3639	rev30
3640	金魚
3641	超細纖維
3642	prora81
3643	green
3644	soom
3645	celine
3646	s7
3647	pll
3648	lenovo
3649	what
3650	yamamoto
3651	超硬
3652	彩膜
3653	tercel
3654	嬰兒床
3655	line
3656	剎車
3657	hat
3658	本色
3659	熱火
3660	ma
3661	no
3662	首部
3663	主機板
3664	女裝短袖
3665	kobe11
3666	海外限定
3667	庫裏
3668	gl6000
3669	24cm
3670	100g
3671	公升
3672	新力
3673	pm25
3674	六色
3675	香檳金
3676	紫羅蘭
3677	native
3678	1080p
3679	長壽
3680	foca
3681	kwazi
3682	sv
3683	寵物貓
3684	franck
3685	michaelkors
3686	小夜燈
3687	超大容量
3688	洗車
3689	pg
3690	lt
3691	保溫壺
3692	掌上
3693	遊戲機
3694	denim
3695	lumia
3696	14k
3697	smy
3698	運動長袖
3699	七龍珠
3700	新加坡
3701	安全帶
3702	focus
3703	線頭
3704	黑暗
3705	tnf
3706	資訊
3707	tab
3708	road
3709	aj3
3710	american
3711	移動電源
3712	北歐風
3713	版條
3714	first
3715	wd
3716	原廠電池
3717	ultimate
3718	出品
3719	高音
3720	spade
3721	iphone6splus
3722	桌上型
3723	文件櫃
3724	office
3725	鍍鉻
3726	鋅合金
3727	可裝
3728	hdmi
3729	ldzero
3730	清淨機
3731	30cm
3732	cdrom
3733	ac
3734	sc
3735	畫廊
3736	黑標
3737	pg1
3738	night
3739	server
3740	湯碗
3741	聖誕樹
3742	牛頓
3743	深海
3744	metal
3745	calvinklein
3746	銀鍍
3747	ride
3748	內襯
3749	泡棉
3750	湯鍋
3751	奧運倫敦
3752	porsche
3753	nk
3754	wtaps
3755	鍍膜
3756	用的
3757	2cd
3758	平底鍋
3759	燈管
3760	銀河
3761	nx
3762	prime
3763	魚眼
3764	日製
3765	英雄聯盟
3766	路亞
3767	運動手環
3768	微距
3769	mu
3770	lthr
3771	萊卡
3772	套鏡
3773	雙用
3774	磨豆機
3775	be
3776	swarovski
3777	米高
3778	巴士
3779	epson
3780	處方
3781	七彩燈
3782	高度
3783	商場
3784	penny
3785	racing
3786	lab
3787	收納籃
3788	豪華版
3789	黏土
3790	rl
3791	outdoor
3792	置物盒
3793	檔車
3794	火龍
3795	vios
3796	自選集
3797	playboy
3798	容器
3799	mp4
3800	暴龍
3801	東亞
3802	duramo
3803	語言與
3804	劇場版
3805	床組
3806	rc
3807	扭蛋
3808	夜間
3809	苹果
3810	破盤
3811	補光燈
3812	100mltester
3813	baile
3814	wb
3815	ub
3816	mini2
3817	插座
3818	熱感
3819	殼套
3820	愛人
3821	長槍
3822	最大
3823	skagen
3824	按摩枕
3825	40cm
3826	印花連帽
3827	噴頭
3828	犀牛
3829	冷暖
3830	聲波
3831	glock
3832	hyp
3833	電子音
3834	hellokitty
3835	光華
3836	微軟
3837	怪物
3838	堅果
3839	鋼鐵人
3840	雲端
3841	you
3842	nalone
3843	規模
3844	jy
3845	muller
3846	增值
3847	lakers
3848	手球
3849	xt
3850	及其在
3851	timex
3852	hiphop
3853	噴漆
3854	教師用
3855	python
3856	小林
3857	擴充
3858	男裝韓版
3859	山葉
3860	nokia
3861	david
3862	x2
3863	2a
3864	200m
3865	後座
3866	ct
3867	iphonex
3868	no1
3869	wade
3870	特別版
3871	extreme
3872	gb
3873	槍手槍
3874	電風扇
3875	原廠耳機
3876	破解
3877	sysform
3878	凌志
3879	三角架
3880	微積分
3881	水族
3882	kipling
3883	這些
3884	52mm
3885	dress
3886	慢跑鞋藍
3887	車充電
3888	51mm
3889	mac
3890	abc
3891	ddr3
3892	6a
3893	還是
3894	good
3895	v3
3896	qq
3897	攪拌機
3898	軸承
3899	色帶
3900	3a
3901	平衡車
3902	yamaha
3903	vw
3904	芒星
3905	ma1
3906	便盆
3907	木製
3908	proengineer
3909	wish
3910	巫師
3911	deep
3912	利率
3913	活塞
3914	熨斗
3915	曼巴
3916	80ml
3917	前燈
3918	轉換器
3919	case
3920	巔峰
3921	nmdr1
3922	拓荒者
3923	chicago
3924	wwe
3925	路跑鞋
3926	二輪
3927	zakka
3928	gregory
3929	機線
3930	整車
3931	人體工學
3932	运动
3933	迷彩服
3934	note2
3935	運動系列
3936	alphabounce
3937	手機平板
3938	電視機
3939	彈夾
3940	garden
3941	曬衣架
3942	g5
3943	pa
3944	亮度
3945	歐姆
3946	型錄
3947	lillard
3948	重裝
3949	giorgio
3950	montreal
3951	abs
3952	tony
3953	手機皮套
3954	wj
3955	tour
3956	juvenate
3957	高階
3958	beanie
3959	亮粉
3960	掃地機
3961	緞面
3962	男裝短袖
3963	authentic
3964	新車
3965	ventilator
3966	s7edge
3967	套環
3968	sheen
3969	踏墊
3970	wireless
3971	rix
3972	奇兵
3973	intel
3974	s4
3975	多芬
3976	球鞋戰靴
3977	煞車
3978	旅行收納
3979	中大尺碼
3980	三防
3981	taiwan
3982	原子筆
3983	胡桃木
3984	遠射
3985	nano
3986	無線充電
3987	無線充
3988	money
3989	silver
3990	米防水
3991	定番
3992	womens
3993	樂活
3994	段式
3995	全牛皮
3996	資料夾
3997	track
3998	簽名版
3999	aa
4000	台燈
4001	dibe
4002	8g
4003	國際牌
4004	costco
4005	碟剎
4006	南亞
4007	pcie
4008	牌大
4009	假面
4010	年紅
4011	璃保護貼
4012	雷姆
4013	開店
4014	evisu
4015	高效能
4016	毒液
4017	bathing
4018	滾筒
4019	萬隆
4020	天國
4021	運動衣
4022	紫水晶
4023	houston
4024	代男女
4025	yaris
4026	s3
4027	顯示卡
4028	蘭蔻
4029	8gb
4030	max87
4031	utility
4032	made
4033	falcon
4034	薩克
4035	mba
4036	goretex
4037	bigbang
4038	浴巾架
4039	p10
4040	mens
4041	電氣工
4042	tt
4043	u11
4044	菁英
4045	fm
4046	草綠
4047	愛爾蘭
4048	river
4049	皮卡丘
4050	kawasaki
4051	石英機芯
4052	增刊
4053	米奇米妮
4054	alexander
4055	after
4056	決戰
4057	車內用
4058	套書
4059	水手服
4060	lcd
4061	s1
4062	1dvd
4063	本再折扣
4064	15mm
4065	腳踏板
4066	溫控
4067	sh
4068	300m
4069	jk
4070	rou
4071	過濾器
4072	核桃
4073	波蘭
4074	氣清淨機
4075	霓虹
4076	搖頭
4077	灰姑娘
4078	large
4079	泳鏡
4080	筆記型
4081	廠牌
4082	special
4083	aphrodisia
4084	刀劍亂舞
4085	clock
4086	狗項圈
4087	掛勾
4088	alpha
4089	深棕
4090	mlb
4091	butterfly
4092	winter
4093	公共管理
4094	小雞
4095	lining
4096	advantage
4097	sf335
4098	外置
4099	picobong
4100	郵政
4101	更新
4102	晚上
4103	es
4104	基礎款
4105	eos
4106	sim
4107	遠程
4108	sf
4109	三段
4110	德軍
4111	墨水匣
4112	jump
4113	籃球襪
4114	透明殼
4115	運動耳機
4116	solio
4117	g3
4118	25mm
4119	加厚加長
4120	al
4121	貓眼石
4122	pampa
4123	卡雙
4124	沙包
4125	腮紅
4126	二手機
4127	低調奢華
4128	kyrie3
4129	湖水藍
4130	mg
4131	sup
4132	立香
4133	楓葉
4134	體重計
4135	勁戰
4136	尿布
4137	fun
4138	貝多芬
4139	legend
4140	迷宮
4141	sampo
4142	緊身長褲
4143	kd6
4144	運動款
4145	扭扭車
4146	carolina
4147	下標區
4148	車架
4149	etnies
4150	wh
4151	中性款
4152	大發
4153	kswiss
4154	icon
4155	布衣櫃
4156	automatic
4157	澳門
4158	卡夢
4159	監視
4160	新款秋裝
4161	16cm
4162	拋光
4163	連接線
4164	網卡
4165	s2
4166	磯釣
4167	guide
4168	arizona
4169	飛馬
4170	lx
4171	光源
4172	hater
4173	貓籠
4174	pilot
4175	jam
4176	金項鍊
4177	enjoy
4178	風尚
4179	m1911
4180	tiffany
4181	cool
4182	descendant
4183	lancome
4184	恆溫
4185	二期
4186	essentials
4187	終極版
4188	solar
4189	panasonic
4190	型的
4191	電源供應
4192	得意
4193	stansmith
4194	ufc
4195	超合金
4196	msl
4197	吸血鬼
4198	sk8hi
4199	storm
4200	無線鍵盤
4201	drive
4202	vntg
4203	座充
4204	brazza
4205	哈利
4206	美妝
4207	按壓式
4208	松木
4209	桌球
4210	職棒
4211	swiss
4212	方巾
4213	更換
4214	mitsubishi
4215	任天堂
4216	轉蛋
4217	back
4218	ga
4219	西餐廳
4220	索隆
4221	ns
4222	暴風
4223	鋼珠筆
4224	愛女生
4225	8mm
4226	階段
4227	a7
4228	水母衣
4229	premacy
4230	施華蔻
4231	束褲
4232	nfc
4233	ver
4234	ef
4235	精華液
4236	跑步機
4237	無線耳機
4238	tsugi
4239	hyperrev
4240	玻尿酸
4241	zara
4242	flc
4243	jogger
4244	mate
4245	充電傳輸
4246	鋼鐵俠
4247	mondeo
4248	之光
4249	叉子
4250	sql
4251	孫悟空
4252	貼標
4253	補充包
4254	單售
4255	多重
4256	crazylight
4257	kd9
4258	pocket
4259	超霸
4260	貓兒
4261	rav4
4262	note8
4263	shf
4264	s5
4265	beauty
4266	po
4267	富士
4268	口徑
4269	撲克
4270	set
4271	metallic
4272	street
4273	fz
4274	steel
4275	ugg
4276	克拉克
4277	行銷
4278	附錄
4279	socks
4280	你好
4281	cospa
4282	聚合物
4283	korea
4284	防水外套
4285	戰地
4286	環繞
4287	二客
4288	車牌
4289	兒歌
4290	ripndip
4291	寫真集
4292	多用途
4293	紫光
4294	逆襲
4295	視窗皮套
4296	公對
4297	二極
4298	內建
4299	奔馳
4300	leopard
4301	柳丁
4302	歌神
4303	潮流時代
4304	hm
4305	suv
4306	貴妃
4307	手機館
4308	鈦合金
4309	領潮
4310	風力
4311	dell
4312	home
4313	入裝
4314	復仇者
4315	門鎖
4316	可調式
4317	車業
4318	lunarestoa
4319	歐式簡約
4320	單支
4321	chinese
4322	aw
4323	touch
4324	jp
4325	hop
4326	mega
4327	長度
4328	車殼
4329	fategrand
4330	lonely
4331	戰鬥陀螺
4332	男款短袖
4333	swingman
4334	genmur
4335	肩斜背包
4336	100m
4337	robert
4338	22mm
4339	變身
4340	g2
4341	便捷
4342	crossbody
4343	內存卡
4344	青蘋果
4345	herrera
4346	副廠
4347	dx
4348	獵鷹
4349	變裝
4350	遮光窗簾
4351	復古白
4352	timepiece
4353	寸平板
4354	r9
4355	fear
4356	羽絨背心
4357	hood
4358	aj14
4359	好市多
4360	effects
4361	相容
4362	正廠
4363	inneva
4364	coreldraw
4365	20mm
4366	26cm
4367	youcups
4368	出包
4369	表格
4370	版防水
4371	冠軍短袖
4372	遙控汽車
4373	可搭
4374	ln
4375	山海
4376	連帽棉
4377	jn
4378	精度
4379	刀片
4380	官方授權
4381	攝影棚
4382	kb
4383	teana
4384	7cm
4385	喬巴
4386	戰記
4387	hyper
4388	gm
4389	車材
4390	變焦
4391	白色短
4392	中高級
4393	韓版卡通
4394	htcc
4395	js
4396	罩杯
4397	鉛筆盒
4398	dark
4399	stayreal
4400	r9s
4401	rockets
4402	日空版
4403	單機
4404	xplr
4405	premier
4406	蠟燭燈
4407	小熊維尼
4408	venomenon
4409	lbj13
4410	les
4411	lbj12
4412	緊緻
4413	33mm
4414	saffiano
4415	18cm
4416	irving2
4417	oniarai
4418	mma
4419	擴大
4420	教師用書
4421	短線
4422	小冰箱
4423	x5
4424	york
4425	皇后
4426	2o17
4427	henry
4428	fc
4429	類型
4430	pre
4431	年紀念幣
4432	打氣筒
4433	女歌手
4434	滑輪
4435	hs
4436	jkt
4437	恤女夏
4438	一月
4439	女款短袖
4440	接收
4441	viper
4442	說明書
4443	煤油
4444	小款
4445	臂章
4446	美科
4447	使節
4448	island
4449	安全氣囊
4450	128g
4451	重奏
4452	ps3
4453	tamiya
4454	復古金屬
4455	airmax
4456	kiss
4457	cloudfoam
4458	日本精工
4459	旅充
4460	水中
4461	lightning
4462	28mm
4463	美金
4464	消光黑
4465	duo
4466	rhythm
4467	活性碳
4468	錦囊
4469	進行
4470	球王
4471	水箱
4472	毒蛇
4473	強化玻璃
4474	帶字
4475	貓用
4476	brown
4477	gopro
4478	c5
4479	t2
4480	z5
4481	白鐵
4482	錢包卡
4483	rift
4484	peugeot
4485	woc
4486	高畫質
4487	leau
4488	不見
4489	24mm
4490	元祖
4491	脈衝
4492	miss
4493	foam
4494	不鏽鋼筷
4495	招牌
4496	美樂蒂
4497	kd8
4498	圖案印花
4499	搖桿
4500	李小龍
4501	38cm
4502	立體數字
4503	輪子
4504	溪流
4505	樣式
4506	型多功能
4507	peter
4508	黑鑽
4509	jj
4510	酵素
4511	日本動漫
4512	介面
4513	your
4514	保溫桶
4515	驚奇
4516	國家隊
4517	男長夾
4518	stella
4519	魔獸世界
4520	軟體
4521	aqva
4522	allen
4523	tomica
4524	女籃球鞋
4525	mp5
4526	俏麗
4527	落肩
4528	步驟
4529	小板
4530	壁掛式
4531	3dvd
4532	10ml
4533	寸電腦包
4534	杯泡
4535	active
4536	fire
4537	bulova
4538	音叉
4539	度旋轉
4540	七星
4541	單曲
4542	gemini
4543	盒送
4544	korsmk
4545	全金屬電
4546	wc
4547	動作
4548	鐵板燒
4549	雙子星
4550	40ml
4551	暗紅
4552	普利
4553	x4
4554	引擎蓋
4555	spurs
4556	flb
4557	機用
4558	dk
4559	財務報表
4560	climachill
4561	台塑
4562	第二季
4563	kd7
4564	型頭
4565	包膜
4566	gsc
4567	紅皮
4568	honey
4569	mannuo
4570	鋁框
4571	耳罩式
4572	木板
4573	光陽
4574	dada
4575	monogram
4576	nb999
4577	晶體
4578	限時搶購
4579	lukia
4580	ki3
4581	campus
4582	train
4583	防摔手套
4584	模塊
4585	進出
4586	大眼
4587	立牌
4588	愛粉
4589	gulliver
4590	乳膠枕頭
4591	wired
4592	maximizer
4593	特輯
4594	ld
4595	psv
4596	p9000
4597	人帳
4598	第三代
4599	m10
4600	runway
4601	號第
4602	15kg
4603	露營燈
4604	護手霜
4605	story
4606	深咖啡
4607	馬來西亞
4608	burlon
4609	marcelo
4610	cs4
4611	carhartt
4612	美國進口
4613	電動牙刷
4614	隔板
4615	翻頁筆
4616	神劍
4617	你可
4618	三國志
4619	公路車
4620	械鍵盤
4621	機械鍵盤
4622	head
4623	小丸子
4624	tiffanyco
4625	監視器
4626	完成品
4627	閃光燈
4628	dna
4629	光圈
4630	一千
4631	te
4632	kmp
4633	tape
4634	無線網
4635	水培
4636	可水洗
4637	汽車裝飾
4638	per
4639	seamaster
4640	一拖二
4641	35cm
4642	rends
4643	true
4644	增壓
4645	蒸氣
4646	噴射
4647	lily
4648	雪松
4649	流量
4650	hk
4651	chance
4652	球隊
4653	節式
4654	刷子
4655	mexico
4656	nmdxr1
4657	軍刀
4658	factory
4659	科特
4660	乳液
4661	happy
4662	歐姆龍
4663	幻彩
4664	之父
4665	小精靈
4666	canvas
4667	trinomic
4668	bjdsd
4669	象印
4670	12m
4671	下載
4672	寬度
4673	章魚
4674	模擬試題
4675	粉底
4676	同款帽
4677	dictionary
4678	耗材
4679	啟示
4680	進擊
4681	平價
4682	蒲公英
4683	shox
4684	m1
4685	byy
4686	madison
4687	fusion
4688	lesportsac
4689	薄長
4690	戰機
4691	號高
4692	people
4693	防塵套
4694	售價
4695	l3xl
4696	a3
4697	金黃金
4698	瓦斯彈匣
4699	edt
4700	狙擊槍
4701	100cm
4702	手車
4703	wars
4704	owens
4705	馬口鐵
4706	cooper
4707	rs
4708	小松
4709	cg
4710	tj
4711	大魔
4712	大魔王
4713	海水
4714	第二部
4715	零件機
4716	nikeair
4717	胎壓
4718	寶露
4719	吉爾
4720	lp
4721	bandai
4722	real
4723	erp
4724	魔物獵
4725	魔物
4726	魔物獵人
4727	75mltester
4728	客製
4729	外管
4730	heat
4731	miami
4732	果凍套
4733	縫紉機
4734	aqua
4735	lovelive
4736	解碼
4737	女戰
4738	記憶卡
4739	32gb
4740	錄音機
4741	年款
4742	keds
4743	wicca
4744	迎賓
4745	hikari
4746	紅銅
4747	音頻
4748	volks
4749	toe
4750	audemars
4751	piguet
4752	水貼
4753	c1
4754	bc
4755	各式
4756	玫瑰金框
4757	直立式
4758	資料櫃
4759	代購男
4760	美国
4761	牧馬人
4762	t3
4763	點式
4764	tai
4765	mission
4766	大圖
4767	kaws
4768	fb
4769	跑馬
4770	jumpman
4771	公克
4772	發射器
4773	彎頭
4774	loewe
4775	2kg
4776	萬畫素
4777	遠傳
4778	一機
4779	mb
4780	clean
4781	belt
4782	casual
4783	手提斜背
4784	des
4785	推出
4786	日本正版
4787	vol1
4788	ball
4789	本週
4790	visvim
4791	月曆
4792	salvatore
4793	男慢跑鞋
4794	硬式
4795	初音未來
4796	pippen
4797	minecraft
4798	relax
4799	中邦
4800	總成
4801	pliage
4802	散步
4803	oppor9s
4804	spalding
4805	q3
4806	掛曆
4807	霧化芯
4808	蝸牛
4809	strap
4810	手工皂
4811	xz
4812	日光
4813	27mm
4814	吉姆
4815	prim
4816	魯夫
4817	電暖器
4818	gap
4819	車站
4820	th
4821	公對母
4822	二極體
4823	lct
4824	wilson
4825	ps2
4826	lovie
4827	無線藍芽
4828	真皮時尚
4829	布布
4830	透明性感
4831	分割
4832	戰狼
4833	htm
4834	date
4835	vg
4836	saab
4837	yeezy350
4838	bright
4839	中壢
4840	ambassador
4841	拍立得
4842	ocean
4843	maya
4844	solo
4845	隨行杯
4846	am
4847	耐衝擊
4848	沐浴乳
4849	路虎
4850	arms
4851	cb
4852	陽炎
4853	間距
4854	車前
4855	腳踏墊
4856	gp
4857	神之
4858	stripe
4859	年式
4860	妄想
4861	tomy
4862	a6
4863	xa1
4864	代無
4865	翰林
4866	atlanta
4867	hawks
4868	leadcat
4869	tier
4870	round
4871	friends
4872	百分百
4873	八核
4874	錐形
4875	年歷
4876	海大
4877	ob
4878	色卡
4879	5se
4880	g6
4881	軌跡
4882	彩貼
4883	酒精
4884	so
4885	hardy
4886	運動版
4887	淨水
4888	手家具
4889	極光
4890	marmont
4891	愛德華
4892	鋁圈
4893	37mm
4894	mic
4895	ltd
4896	套卡
4897	集成電路
4898	地燈
4899	wang
4900	god
4901	鐵灰色
4902	kid
4903	外匯
4904	男娃
4905	固態
4906	elizabeth
4907	充電頭
4908	外出包
4909	雙通
4910	with
4911	lv8
4912	truspec
4913	tactical
4914	變成
4915	柏林
4916	auto
4917	三麗鷗
4918	guilty
4919	七代
4920	bear
4921	唇膏
4922	protel
4923	畫框
4924	f4
4925	小跑
4926	kit
4927	moc
4928	lunar3
4929	archive
4930	鐵三角
4931	bw
4932	jeep
4933	limited
4934	jd
4935	vault
4936	保險絲
4937	next
4938	男款錢包
4939	兔籠
4940	水晶手鍊
4941	全新升級
4942	羽球衣
4943	專屬賣場
4944	戰車
4945	筆擱
4946	可攜式
4947	lbj14
4948	全系列
4949	pe
4950	ローター
4951	nmc
4952	紋身貼紙
4953	gucc
4954	刀頭
4955	access
4956	先導者
4957	wing
4958	can
4959	vcd
4960	oracle
4961	機動戰士
4962	史迪奇
4963	np
4964	臉盆
4965	魅族
4966	tavas
4967	luts
4968	車廂
4969	洛伊德
4970	ssd
4971	tri
4972	面盆
4973	幫浦
4974	amp
4975	carson
4976	c9
4977	維他命
4978	康寧
4979	cy
4980	6sp
4981	華山
4982	kyky
4983	紳寶
4984	代詹姆斯
4985	jimmy
4986	pureboost
4987	光條
4988	compact
4989	shock
4990	輸入
4991	蛙鞋
4992	無雙
4993	伊麗
4994	xx
4995	22cm
4996	無線滑鼠
4997	號白
4998	男女適
4999	技嘉
5000	glow
5001	ws
5002	noir
5003	炫目
5004	撲克牌
5005	向日
5006	performance
5007	高達
5008	微電腦
5009	詞匯
5010	iphone5s
5011	linear
5012	大頭娃娃
5013	螃蟹
5014	分離式
5015	rcr
5016	solid
5017	xiaomi
5018	garmin
5019	美國原裝
5020	饅頭
5021	隻裝
5022	側面
5023	燈組
5024	哈利波特
5025	madrid
5026	order
5027	挖土機
5028	咖啡壺
5029	子和
5030	增大
5031	sneaker
5032	老式
5033	iphone66s
5034	烘乾機
5035	gu
5036	tree
5037	頂級慢跑
5038	派克
5039	遙控飛機
5040	darwin
5041	超跑
5042	maison
5043	du
5044	mmr
5045	class
5046	charlotte
5047	bull
5048	10kg
5049	連帽短袖
5050	vibe
5051	奇美
5052	紙膠帶
5053	a1
5054	q5
5055	腰包胸包
5056	vetements
5057	色溫
5058	天線
5059	merrell
5060	藍芽喇叭
5061	usm
5062	heatgear
5063	穩定性
5064	魔術師
5065	dan
5066	升級款
5067	第四屆
5068	雨罩
5069	視訊
5070	貨超
5071	大電流
5072	全員
5073	90cm
5074	max2017
5075	magista
5076	藍標
5077	r11
5078	5kg
5079	蛋黃哥
5080	camry
5081	專業版
5082	c77124
5083	情侶裝帽
5084	羅技
5085	混色
5086	設定
5087	from
5088	一三
5089	anti
5090	bandana
5091	ui
5092	shine
5093	couture
5094	標籤貼紙
5095	光感
5096	專注
5097	essence
5098	手拿包男
5099	oceanus
5100	a9
5101	雙色拼接
5102	basara
5103	葉黃素
5104	pullover
5105	車靴
5106	魂的
5107	hitachi
5108	sata
5109	adi
5110	smax
5111	valentino
5112	斯伯丁
5113	紡車
5114	型夾
5115	kleinck
5116	premiere
5117	超廣角
5118	競速
5119	timeless
5120	轉移
5121	k2g276g3
5122	後車
5123	日東
5124	毫安
5125	向東
5126	智慧手環
5127	漏水
5128	單眼相機
5129	柚木
5130	blade
5131	列車
5132	電腦鍵盤
5133	raid
5134	sky2017
5135	台版
5136	轉接器
5137	風火輪
5138	寶獅
5139	籃球帽
5140	house
5141	年底
5142	第三方
5143	甲殼蟲
5144	年限量
5145	高亮度
5146	伸縮桿
5147	2017coach
5148	卡小
5149	防水袋
5150	15ml
5151	紙牌
5152	洗面乳
5153	wvn
5154	tp
5155	印表機
5156	四分
5157	six
5158	motion
5159	qc
5160	貨批發
5161	鍍銀
5162	dgk
5163	美國國旗
5164	娃衣
5165	與超
5166	套真皮
5167	置物箱
5168	外套小
5169	個起
5170	rivalry
5171	四口
5172	fairy
5173	控油
5174	boutique
5175	髮夾
5176	愛麗絲
5177	works
5178	小汽車
5179	orb
5180	小顆
5181	自售
5182	自黏
5183	金剛菩提
5184	紀念品
5185	黏土人
5186	測速
5187	相簿
5188	cp3
5189	dou
5190	人形
5191	oc
5192	蛋白粉
5193	raf
5194	simons
5195	brit
5196	個小
5197	大勾勾
5198	小迷你
5199	double
5200	新式
5201	254mm
5202	action
5203	seagate
5204	yl
5205	輪框
5206	手提式
5207	wolfskin
5208	神農
5209	伺服器
5210	eda
5211	歌神器
5212	分大
5213	okc
5214	10l
5215	十周年
5216	spa
5217	vulc
5218	童帽
5219	長手
5220	手腳
5221	馬桶座
5222	os
5223	national
5224	嘉年華
5225	12mm
5226	aj31
5227	8plus
5228	月號第
5229	zalo
5230	gl
5231	パン
5232	電燈
5233	紙鈔
5234	atmos
5235	芒果
5236	膠皮
5237	trefoil
5238	電鑽
5239	sweat
5240	模仿
5241	沙漠靴
5242	ext
5243	外掛
5244	flower
5245	f50
5246	路易斯
5247	ess
5248	生茶
5249	l2
5250	mentality
5251	聲光
5252	comp
5253	汽車模型
5254	展示盒
5255	分高
5256	折疊傘
5257	自動傘
5258	充電電池
5259	days
5260	黃光
5261	nintendo
5262	卡帶
5263	空拍
5264	新款耐吉
5265	日規
5266	saber
5267	steam
5268	序號
5269	附盒
5270	n7100
5271	繁體中文
5272	應援
5273	精密管
5274	8p
5275	定器
5276	蜘蛛人
5277	boston
5278	全頻
5279	幸運草
5280	mix2
5281	飛鏢
5282	bs
5283	丹麥
5284	斤胖
5285	solidworks
5286	blossom
5287	rb
5288	外套帽
5289	hard
5290	sexy
5291	wallet
5292	手機車
5293	aaa
5294	女士香水
5295	h2
5296	5a
5297	話機
5298	bellross
5299	nigo
5300	how
5301	party
5302	環境下
5303	wings
5304	全膠
5305	parkland
5306	at
5307	tailwind
5308	tide
5309	cw
5310	wild
5311	高精度
5312	領女
5313	nb996
5314	洛杉磯
5315	g17
5316	k1x
5317	b48878
5318	ddr2
5319	ultraboost
5320	培林
5321	雄獅
5322	tpe
5323	電表
5324	illustrator
5325	phenom
5326	玩具屋
5327	號女
5328	premio
5329	歐盟
5330	gowalk
5331	超凡
5332	燈片
5333	百樂
5334	閃充
5335	眼鏡盒
5336	領七分袖
5337	鍍白
5338	hu
5339	無線電
5340	dcdt
5341	金士頓
5342	新機
5343	木乃伊鞋
5344	避震器
5345	marine
5346	f5
5347	巴哈
5348	2g
5349	果然
5350	排氣
5351	wilt
5352	s6edge
5353	independent
5354	mk5896
5355	cloud
5356	popcat
5357	hornets
5358	superme
5359	gen
5360	月預購
5361	三陽
5362	platform
5363	sharp
5364	夏普
5365	原宿復古
5366	針織網
5367	anne
5368	隔音
5369	機身
5370	curry1
5371	黑色短
5372	電冰箱
5373	三日
5374	鎢鋼
5375	入手
5376	en
5377	中班
5378	特警
5379	70s
5380	自拍棒
5381	camel
5382	arbutus
5383	反光條
5384	三星原廠
5385	蘭博基尼
5386	funko
5387	derrick
5388	方向燈
5389	尺雙人
5390	韓版連帽
5391	thom
5392	hyperfuse
5393	06m
5394	合金車
5395	c91
5396	紙張
5397	美圖
5398	liberty
5399	超迷你
5400	薄底
5401	美好世界
5402	springblade
5403	處理器
5404	rick
5405	science
5406	拼接短
5407	月預定
5408	指考
5409	mm200
5410	rowa
5411	jim
5412	年新版
5413	長袖棉
5414	600ml
5415	資生堂
5416	舒爾
5417	mix
5418	zx500
5419	電源線
5420	tn
5421	跑車
5422	b2
5423	星卡
5424	opp
5425	mp
5426	水草
5427	charles
5428	daisy
5429	整版
5430	節電
5431	116610ln
5432	karl
5433	wp
5434	anthony
5435	姊妹
5436	雙刀
5437	aq
5438	低壓
5439	最終
5440	ielts
5441	zett
5442	trussardi
5443	hifi
5444	四合一
5445	四合
5446	sola
5447	m61697
5448	peterson
5449	吊繩
5450	羅梵迪諾
5451	zg
5452	真空保溫
5453	ab
5454	iphone5
5455	分售
5456	最潮
5457	車線
5458	企劃
5459	客製化
5460	andrew
5461	聲學
5462	marseille
5463	eternity
5464	田宮
5465	王牌
5466	短槍
5467	20th
5468	小風扇
5469	c10
5470	創見
5471	war
5472	的比
5473	parker
5474	車門
5475	net
5476	電量
5477	laser
5478	forever
5479	古琦
5480	v4
5481	羊肉
5482	evoknit
5483	專業級
5484	明星賽
5485	裝飾燈
5486	週年慶
5487	雷電
5488	強效
5489	德國原廠
5490	stussyt
5491	計時器
5492	兔女郎
5493	復古帽
5494	richard
5495	恤寬鬆
5496	snake
5497	技術的
5498	小綠
5499	配合
5500	kjcrd
5501	偶像大師
5502	global
5503	togo
5504	德克
5505	雙色版
5506	空力
5507	中控
5508	漫威
5509	燈罩
5510	尾燈
5511	soho
5512	精華露
5513	紅帽
5514	cotton
5515	comme
5516	ba
5517	orlando
5518	原文
5519	陀飛輪
5520	夜火
5521	瓢蟲
5522	生活百貨
5523	ny
5524	park
5525	juicy
5526	電熨斗
5527	mamba
5528	安卓手機
5529	衝鋒槍
5530	中信兄弟
5531	球員卡
5532	escada
5533	pvd
5534	attitude
5535	clippers
5536	asym
5537	travelmate
5538	otg
5539	kj
5540	軍團
5541	鋼圈內衣
5542	透氣排汗
5543	r9splus
5544	1kg
5545	sega
5546	x7
5547	4h
5548	長效
5549	魔法少女
5550	東海
5551	寶工
5552	後車箱
5553	invader
5554	ansys
5555	果汁機
5556	pam00441
5557	瓶罐
5558	只裝
5559	雪莉
5560	bk
5561	原料
5562	高容量
5563	online
5564	直插
5565	banana
5566	歲女童
5567	斜口
5568	英吋
5569	開合
5570	ak
5571	note7
5572	件短
5573	假兩件短
5574	luna
5575	t8
5576	locn
5577	大盤
5578	flywire
5579	智慧手機
5580	全新原裝
5581	換電池
5582	耳機線
5583	對應
5584	超強力
5585	東芝
5586	手沖
5587	道式
5588	petite
5589	龍族
5590	san
5591	antonio
5592	hardaway
5593	flashback
5594	everett
5595	jiuai
5596	買就送
5597	sandisk
5598	kd10
5599	機種
5600	innova
5601	金箔
5602	fe
5603	instinct
5604	1g
5605	棘輪
5606	general
5607	兒童包
5608	熊大
5609	kymco
5610	人行
5611	sea
5612	蘋果平板
5613	3mm
5614	電扇
5615	甜甜圈
5616	wto
5617	字頭
5618	ex
5619	萊克
5620	社團
5621	takara
5622	棉帽
5623	floral
5624	號長
5625	apollo
5626	damian
5627	element
5628	素體
5629	投影機
5630	40x40
5631	ike
5632	儿童
5633	金屬殼
5634	addict
5635	hoz
5636	crocs
5637	strike
5638	ctw
5639	research
5640	plr
5641	男性香水
5642	brother
5643	foucs
5644	製品
5645	開關電源
5646	油畫風
5647	中古機
5648	bra
5649	磁吸式
5650	45n1111
5651	45n1110
5652	qi
5653	經典機
5654	b5
5655	sweet
5656	tokyo
5657	jordan6
5658	刷頭
5659	字樣
5660	區的
5661	rise
5662	nizza
5663	limitless
5664	韓文
5665	24g
5666	ipod
5667	黑寶
5668	30th
5669	拉拉熊
5670	燈串
5671	z2
5672	新款精品
5673	皮带
5674	wet
5675	floz
5676	toro
5677	nhiz
5678	超級英雄
5679	ovo
5680	km
5681	百利
5682	短毛
5683	foundation
5684	dance
5685	青山
5686	初回
5687	flora
5688	military
5689	dri
5690	德安
5691	16mm
5692	馬龍
5693	victory
5694	t7
5695	benq
5696	datejust
5697	200g
5698	立體牆貼
5699	日清
5700	屁屁
5701	infrared
5702	laserjet
5703	田徑釘鞋
5704	馬可
5705	內掛
5706	練習衣
5707	螺絲起子
5708	極緻
5709	pharrell
5710	威剛
5711	xbox
5712	8x
5713	車窗
5714	短袖素
5715	奇跡
5716	daybreak
5717	medium
5718	索愛
5719	皮帶寬
5720	大金
5721	膠膜
5722	事務機
5723	電錶
5724	iphone8
5725	波力
5726	艾克
5727	code
5728	link
5729	hole
5730	達菲
5731	大浴巾
5732	熱水壺
5733	eta
5734	cny
5735	howard
5736	escape
5737	黑咖啡
5738	超保暖
5739	not
5740	platinum
5741	小櫻
5742	sandals
5743	中文正版
5744	系列第
5745	米藍
5746	topik
5747	創客
5748	dolce
5749	k3
5750	ceramica
5751	名流
5752	娜娜
5753	ava
5754	耐重
5755	ecco
5756	s999
5757	jeremy
5758	cn
5759	220ml
5760	bikini
5761	任性
5762	球棒
5763	rj
5764	aris3c
5765	第一代
5766	水泵
5767	喜美
5768	自排
5769	h6
5770	福利品
5771	空心
5772	acg
5773	kith
5774	指針錶
5775	發電機
5776	戰警
5777	冰藍
5778	max95
5779	中性筆
5780	索爾
5781	twice
5782	distance
5783	prospex
5784	歲的
5785	h3
5786	hicapa
5787	vc
5788	choo
5789	門冰箱
5790	日本史
5791	bucket
5792	專集
5793	新格
5794	九代
5795	dead
5796	urban
5797	snoopy
5798	dm
5799	ltr
5800	xs
5801	yves
5802	長袖潮
5803	fs
5804	情挑
5805	掛燙機
5806	雪佛蘭
5807	williams
5808	潤髮乳
5809	自製
5810	西門子
5811	柑仔店
5812	蔡依林
5813	地平線
5814	luxe
5815	20l
5816	van
5817	尾門
5818	路由
5819	夾頭
5820	bboy
5821	a2
5822	mastercam
5823	包特價
5824	樂華
5825	邊條
5826	jefferson
5827	chan
5828	satchel
5829	祕密花園
5830	batman
5831	ox
5832	飛行服
5833	瑞獅
5834	shiseido
5835	guy
5836	66s
5837	1m
5838	march
5839	死神
5840	sweatshirt
5841	delf
5842	教父
5843	d4
5844	ng
5845	路亞竿
5846	breathe
5847	市集
5848	槍機
5849	mountaineering
5850	翻轉
5851	zprint
5852	cadcam
5853	blazers
5854	出廠
5855	特區
5856	式太極拳
5857	co
5858	hyperlive
5859	us10
5860	bt
5861	westbrook
5862	8h
5863	日本星辰
5864	型斜
5865	28cm
5866	crossfit
5867	36cm
5868	墊片
5869	el
5870	dmv
5871	sex
5872	unit
5873	殿堂
5874	lib
5875	號機
5876	ceo
5877	帶雙
5878	lancer
5879	3p
5880	40l
5881	i5
5882	可轉
5883	400ml
5884	nillkin
5885	h4
5886	nature
5887	長笛
5888	金手鍊
5889	humanrace
5890	23mm
5891	savon
5892	l6
5893	school
5894	genm
5895	合唱團
5896	snap
5897	mountain
5898	army
5899	層鞋架
5900	機甲
5901	fierce
5902	socfly
5903	魔鏡
5904	teva
5905	手牌
5906	ar5905
5907	5v
5908	sequent
5909	和紙膠帶
5910	oh
5911	30g
5912	dd
5913	前置
5914	電焊面罩
5915	安全座椅
5916	manual
5917	倍思
5918	清光
5919	minnesota
5920	以及
5921	rubber
5922	m5
5923	chi
5924	曲目
5925	威德
5926	defiant
5927	轉接線
5928	mars
5929	125cm
5930	kappa
5931	xo
5932	prt
5933	why
5934	星巴克
5935	凹凸
5936	lunar2
5937	攝像機
5938	quick
5939	個工作
5940	車載用
5941	空力套件
5942	aero
5943	三鐵
5944	loft
5945	原廠型
5946	kingston
5947	電音
5948	小號手
5949	clarks
5950	領帽
5951	學生服
5952	45ml
5953	kd5
5954	garcons
5955	館長
5956	a75s
5957	耳套
5958	tmac
5959	as11a3e
5960	olympic
5961	亞馬遜
5962	thinkpad
5963	乳霜
5964	三洋
5965	馬牌輪胎
5966	湯匙
5967	flame
5968	蒸鍋
5969	miku
5970	vocaloid
5971	中華職棒
5972	inside
5973	青春版
5974	dlx
5975	運動家
5976	wall
5977	majestic
5978	雙門
5979	masaki
5980	cm
5981	鴻運
5982	前期
5983	loop
5984	綠光
5985	v9
5986	離合
5987	65cm
5988	d2
5989	秋潮
5990	特技
5991	滑翔機
5992	手機專用
5993	wolf
5994	eta7750
5995	olympus
5996	鬍子
5997	登山杖
5998	appeal
5999	宏碁
6000	pam00359
6001	p3
6002	audi
6003	16k
6004	輪組
6005	售出
6006	stay
6007	nyc
6008	gentle
6009	rawlings
6010	美規
6011	理髮器
6012	舊款
6013	年最新款
6014	10w
6015	purple
6016	烘焙模具
6017	直式
6018	moncler
6019	adidasadidas
6020	rebel
6021	qt
6022	二戰德軍
6023	wg
6024	左輪
6025	腰加
6026	色墨水匣
6027	羅傑
6028	芯片
6029	海綿寶寶
6030	cqb
6031	carbine
6032	色入
6033	領假
6034	mr
6035	asia
6036	trainers
6037	mazda3
6038	閃電俠
6039	ai
6040	battle
6041	gundam
6042	武裝
6043	toshiba
6044	狙擊鏡
6045	tba
6046	水門
6047	雪糕
6048	政治學
6049	雙卡雙待
6050	miko
6051	flair
6052	base
6053	zigzag
6054	冰霸杯
6055	天機
6056	古堡
6057	白紙
6058	tihot
6059	55mm
6060	keith
6061	v7
6062	fuck
6063	tm
6064	攪拌杯
6065	戰術背心
6066	象牙白
6067	shoe
6068	瑞特
6069	摩爾
6070	中間
6071	dreamweaver
6072	球形
6073	solo2
6074	人座
6075	mrt580tb
6076	vanquish
6077	新勁戰
6078	lotto
6079	500g
6080	大東
6081	上古
6082	大眼睛
6083	摩天輪
6084	nn
6085	交換器
6086	大提琴
6087	兵人
6088	runeo
6089	chimei
6090	動漫服裝
6091	工業用
6092	100pcs
6093	n9200
6094	2xl
6095	lunar1
6096	english
6097	總冠軍
6098	充頭
6099	使者
6100	no2
6101	dcshoes
6102	m7
6103	母的
6104	clear
6105	燈露營燈
6106	brazil
6107	caxa
6108	elle
6109	兒童錶
6110	weave
6111	cnvs
6112	毫升
6113	兔兔
6114	bullet
6115	和服式
6116	g20
6117	heritage
6118	alin2017
6119	夜市
6120	daytona
6121	protrek
6122	aux
6123	athletics
6124	citrus
6125	槍管
6126	迷你型
6127	reflective
6128	飛龍
6129	智慧手錶
6130	鍵盤膜
6131	得寶
6132	光觸媒
6133	aft
6134	heroes
6135	cen
6136	lover
6137	遊戲卡
6138	繁中
6139	iplehouse
6140	crimson
6141	運動緊身
6142	九月
6143	娜美
6144	geographic
6145	three
6146	chris
6147	rebecca
6148	pnp
6149	hurarache
6150	純銀鍍
6151	pgm
6152	ll
6153	宇舶
6154	蠟筆小新
6155	arden
6156	日本東京
6157	crazymagic
6158	kings
6159	e39
6160	lw
6161	全機
6162	spirit
6163	空戰
6164	野狼
6165	mercedes
6166	火星人
6167	evo
6168	mizzzee
6169	jeans
6170	二點
6171	藍牙喇叭
6172	全透明
6173	k6
6174	歌麥克風
6175	維納斯
6176	aw77
6177	奇異
6178	spark
6179	peanuts
6180	愛愛
6181	level
6182	電感
6183	submariner
6184	5x5
6185	ladies
6186	加重器
6187	平成
6188	glory
6189	輪手推車
6190	现货
6191	scott
6192	重返
6193	hip
6194	cs2
6195	雙通道
6196	truth
6197	鍛造
6198	三門
6199	彩泥
6200	14mm
6201	會員
6202	mercer
6203	i8
6204	shinsei
6205	目的
6206	miu
6207	cross
6208	angel
6209	一台
6210	公尺
6211	dod
6212	vfc
6213	epic
6214	閃充線
6215	150cm
6216	lmtd
6217	輪圈
6218	burst
6219	神牛
6220	環錶
6221	walker
6222	amy
6223	超耐磨
6224	proto
6225	吃到飽
6226	梯形
6227	springsummer
6228	充氣沙發
6229	眼霜
6230	120g
6231	react
6232	穩壓
6233	1a
6234	佩佩豬
6235	單相
6236	後避震
6237	機車大
6238	後避
6239	2l
6240	三段式
6241	xlr
6242	g32
6243	冰川
6244	立體拼圖
6245	攪拌器
6246	shimano
6247	翻玩
6248	diver
6249	防毒
6250	海洋堂
6251	手機貼
6252	tnt
6253	aeg
6254	高解
6255	風扇子
6256	aril
6257	gabbana
6258	nt
6259	台電
6260	散裝
6261	版海
6262	排氣管
6263	戰士鋼彈
6264	膠條
6265	lee
6266	衛生棉
6267	年特
6268	da
6269	四核
6270	子瑜
6271	legacy
6272	納尼亞
6273	刮鬍刀
6274	超夢
6275	騎士帽
6276	卸妝
6277	7office
6278	妖狐
6279	k2
6280	蝴蝶機
6281	qind
6282	車床
6283	下標免
6284	ar2434
6285	famous
6286	ksc
6287	計畫
6288	2f3
6289	zpump
6290	jeanne
6291	衫翻領
6292	wildfire
6293	cushion
6294	nana
6295	yoga
6296	bao
6297	像素
6298	600g
6299	三日月
6300	攜帶式
6301	獨顯
6302	sheer
6303	避光
6304	miumiu
6305	gardenia
6306	bomber
6307	sneakers
6308	great
6309	邊形
6310	t5
6311	榴彈
6312	ft
6313	bang
6314	vibram
6315	suicoke
6316	dog
6317	束帶
6318	cut
6319	蠍子
6320	飛機模型
6321	分公
6322	50cm
6323	將門
6324	vol2
6325	origin
6326	anny
6327	選手
6328	pen
6329	kohna
6330	擴大機
6331	kb11
6332	愛瑪
6333	kobe12
6334	單卡
6335	slides
6336	swan
6337	成吉思汗
6338	4a
6339	ctas
6340	wood
6341	25th
6342	emblem
6343	牛皮紙
6344	handbook
6345	汽油
6346	jolin
6347	顯微鏡
6348	colt
6349	快取
6350	sportif
6351	coq
6352	5c
6353	雙邊
6354	背膠
6355	roma
6356	遮瑕
6357	leten
6358	語言的
6359	法陣
6360	由器
6361	路由器
6362	防炫目
6363	磨刀石
6364	開發實戰
6365	職業生涯
6366	二手片
6367	步槍
6368	空氣芯
6369	et
6370	bj
6371	pouch
6372	davis
6373	professional
6374	射擊
6375	egg
6376	9cm
6377	cmss
6378	焦點
6379	北極狐
6380	google
6381	zeus
6382	store
6383	時間的
6384	型內
6385	一番
6386	washington
6387	放鬆
6388	川崎
6389	漢堡
6390	baggy
6391	chill
6392	glamour
6393	高機能
6394	燈頭
6395	全罩
6396	wool
6397	電吉他
6398	模型槍
6399	大使
6400	公大
6401	色碳粉匣
6402	2gb
6403	ts
6404	sonic
6405	32cm
6406	clutchfit
6407	indiglo
6408	clutch
6409	dapad
6410	tsum
6411	sweater
6412	線杯
6413	250v
6414	dragon
6415	supply
6416	custom
6417	復制
6418	g18c
6419	leonard
6420	pr
6421	atlas
6422	威利
6423	線帶
6424	電子鐘
6425	一體式
6426	短袖棉
6427	vince
6428	葵花
6429	天龍
6430	delonghi
6431	uv400
6432	兒童短
6433	p10plus
6434	盒玩
6435	virtue
6436	bold
6437	低溫
6438	lagerfeld
6439	spizike
6440	stadium
6441	tote
6442	dimotiv
6443	內野
6444	40g
6445	燈帶
6446	連帽厚
6447	rivieras
6448	m84
6449	browne
